order_id,gender_category,product_line,product_name,size,units_sold,mrp,discount_applied,revenue,order_date,sales_channel,region,profit
2001,Women,Soccer,Tiempo Legend,7,3,4957.93,0,14873.79,07/09/2024,Retail,Hyderabad,-112.53
2010,Kids,Lifestyle,Waffle One,9,1,7949.83,0,7949.83,16/01/2025,Online,Pune,1965.56
2017,Women,Basketball,Air Jordan,9,4,5966.81,0,23867.23,17/03/2025,Retail,Delhi,1946.24
2019,Kids,Running,Air Zoom,6,0,3424.06,0.32,0,17/01/2025,Online,Hyderabad,1915.24
2024,Kids,Training,SuperRep Go,11,0,5966.81,0.5,0,28/12/2024,Retail,Bengaluru,1842.35
2026,Kids,Lifestyle,Blazer Mid,11,1,5966.81,0.16,5012.12,08/10/2024,Retail,Kolkata,2301.64
2029,Men,Training,ZoomX Invincible,12,0,5966.81,0,0,28/10/2023,Online,Bengaluru,-185.67
2031,Men,Soccer,Premier III,11,4,3493.04,0.82,2514.99,05/09/2024,Online,Delhi,350.7
2032,Women,Lifestyle,Blazer Mid,11,1,5966.81,1,0,04/11/2025,Retail,Mumbai,-555.16
2035,Kids,Basketball,Zoom Freak,11,4,5966.81,0.38,14797.68,17/11/2024,Online,Bengaluru,2914.83
2036,Men,Training,Metcon 7,11,3,5966.81,0,17900.42,15/02/2025,Retail,Bengaluru,-143.8
2002,Women,Basketball,Zoom Freak,11,3,5075.22,0,15225.66,03/07/2025,Retail,Delhi,145.08
2045,Kids,Lifestyle,Dunk Low,11,4,5966.81,0,23867.23,04/06/2025,Retail,Delhi,1833.94
2047,Women,Training,SuperRep Go,10,1,8577.75,0,8577.75,13/06/2024,Retail,Bengaluru,2888.68
2052,Men,Training,Flex Trainer,10,3,9155.96,0,27467.88,10/08/2024,Retail,Pune,2184.8
2053,Men,Lifestyle,Air Force 1,11,3,6009.58,0,18028.74,10/02/2024,Online,Delhi,3384.92
2056,Men,Running,React Infinity,9,3,5966.81,0,17900.42,31/05/2024,Retail,Bengaluru,-244.44
2048,Men,Lifestyle,Waffle One,7,3,6216.29,0.94,1118.93,14/09/2024,Online,Mumbai,-642.02
2060,Men,Lifestyle,Waffle One,9,2,7979.26,0,15958.52,07/11/2024,Online,Bengaluru,2821.59
2062,Men,Basketball,Air Jordan,11,2,5966.81,0,11933.61,06/06/2025,Online,Bengaluru,1823.91
2063,Women,Basketball,Air Jordan,7,1,9751,0.16,8190.84,09/06/2024,Retail,Pune,1130.31
2064,Kids,Running,React Infinity,9,2,7557.71,0,15115.42,03/02/2025,Online,Bengaluru,3277.44
2067,Kids,Basketball,LeBron 20,9,4,3588.38,0,14353.52,05/06/2025,Online,Kolkata,161.5
2068,Men,Running,Free RN,11,4,2553.29,0,10213.16,12/05/2024,Retail,Mumbai,984.9
2071,Kids,Lifestyle,Blazer Mid,7,3,7849.81,0.49,12010.21,01/12/2025,Retail,Pune,-882.96
2073,Women,Lifestyle,Blazer Mid,12,4,5966.81,0.85,3580.08,11/03/2024,Online,Hyderabad,443.86
2075,Kids,Basketball,Air Jordan,9,4,4251.74,0,17006.96,14/07/2025,Online,Pune,2345.35
2084,Men,Training,Metcon 7,7,2,5966.81,0,11933.61,24/12/2023,Online,Mumbai,408.39
2086,Men,Soccer,Mercurial Superfly,9,0,5966.81,0.45,0,10/11/2024,Online,Kolkata,1742.66
2088,Women,Running,Free RN,11,4,5966.81,0,23867.23,26/04/2025,Online,Bengaluru,2702.93
2089,Women,Training,Flex Trainer,9,2,6874.77,0.6,5499.82,12/02/2024,Online,Mumbai,-1076.66
2094,Kids,Training,Flex Trainer,10,1,4276.36,0,4276.36,11/10/2024,Retail,Delhi,2974.58
2096,Men,Running,Pegasus Turbo,11,2,5966.81,0,11933.61,24/12/2024,Online,Kolkata,288.66
2099,Kids,Soccer,Mercurial Superfly,7,2,5966.81,0.32,8114.86,02/01/2025,Retail,Mumbai,360.97
2100,Kids,Soccer,Phantom GT,8,1,5937.52,0,5937.52,07/11/2025,Retail,Mumbai,2287.57
2105,Kids,Training,Metcon 7,11,2,5744.7,0,11489.4,17/11/2024,Retail,Mumbai,1716.04
2107,Women,Running,React Infinity,7,4,5966.81,0,23867.23,30/08/2024,Online,Hyderabad,-184.69
2109,Kids,Basketball,Zoom Freak,7,0,5966.81,0,0,29/01/2025,Retail,Kolkata,3791.88
2110,Kids,Running,Air Zoom,12,1,5966.81,0.42,3460.75,25/12/2024,Retail,Pune,-259.29
2117,Women,Training,SuperRep Go,9,0,7645.96,0,0,30/10/2024,Online,Pune,2037.43
2118,Kids,Basketball,Zoom Freak,11,2,8426.54,0,16853.08,21/09/2023,Online,Hyderabad,2696.85
2130,Men,Soccer,Premier III,10,3,5966.81,0.24,13604.32,14/09/2024,Online,Bengaluru,2962.75
2135,Men,Basketball,Zoom Freak,9,2,9106.61,0.74,4735.44,11/03/2024,Retail,Hyderabad,2422.38
2136,Kids,Training,ZoomX Invincible,9,1,5966.81,0,5966.81,15/09/2024,Online,Pune,3672.24
2137,Men,Soccer,Phantom GT,11,0,5222.02,0.95,0,01/12/2025,Online,Delhi,1796.76
2138,Men,Running,Pegasus Turbo,11,2,8055.2,0,16110.4,14/06/2025,Online,Mumbai,1840.09
2144,Women,Lifestyle,Waffle One,11,4,5966.81,0,23867.23,30/03/2025,Online,Kolkata,2385.1
2145,Men,Lifestyle,Blazer Mid,6,0,5966.81,0.67,0,30/07/2024,Online,Bengaluru,1335.45
2150,Women,Basketball,LeBron 20,7,2,3313.21,0.48,3445.74,07/06/2025,Online,Bengaluru,3221.62
2151,Kids,Soccer,Tiempo Legend,9,4,5619.75,0,22479,27/05/2025,Online,Bengaluru,2000.85
2153,Men,Running,React Infinity,11,0,5966.81,0.09,0,18/08/2024,Retail,Pune,1246.58
2156,Men,Soccer,Tiempo Legend,7,0,5966.81,0,0,31/08/2024,Online,Pune,-286.07
2157,Kids,Soccer,Premier III,11,1,5966.81,0,5966.81,29/04/2025,Online,Delhi,-701.01
2164,Women,Soccer,Mercurial Superfly,8,0,5966.81,0.95,0,23/10/2024,Online,Pune,-872.9
2165,Kids,Training,SuperRep Go,9,4,4577.65,0,18310.6,11/11/2024,Retail,Kolkata,2460.19
2169,Kids,Training,Flex Trainer,11,4,4046.05,0.01,16022.36,14/12/2024,Retail,Delhi,1057.58
2170,Kids,Lifestyle,Air Force 1,7,0,5966.81,0,0,28/06/2025,Online,Kolkata,3218.82
2176,Men,Soccer,Mercurial Superfly,11,4,5966.81,0,23867.23,01/04/2025,Online,Bengaluru,3908.28
2178,Men,Running,Free RN,11,1,5966.81,0,5966.81,28/10/2024,Retail,Bengaluru,-983.37
2179,Women,Training,ZoomX Invincible,7,3,5966.81,0,17900.42,26/01/2024,Retail,Pune,3135.92
2181,Women,Lifestyle,Air Force 1,11,2,5966.81,0,11933.61,01/06/2025,Retail,Delhi,419.58
2185,Women,Training,ZoomX Invincible,11,4,4207.44,0.59,6900.2,06/08/2025,Online,Kolkata,-615.48
2189,Men,Training,SuperRep Go,9,3,5966.81,0.9,1790.04,10/02/2024,Online,Hyderabad,3628.46
2191,Men,Lifestyle,Air Force 1,8,3,5966.81,0,17900.42,28/09/2024,Retail,Pune,-1032.88
2196,Kids,Soccer,Premier III,9,2,2708.73,0,5417.46,30/06/2025,Online,Delhi,925.63
2197,Kids,Training,ZoomX Invincible,9,3,5966.81,0,17900.42,10/06/2024,Online,Bengaluru,-418.5
2198,Men,Training,SuperRep Go,7,4,5966.81,0.65,8353.53,01/05/2025,Online,Pune,-169.33
2205,Women,Running,React Infinity,11,0,5966.81,0,0,24/04/2025,Retail,Pune,-467.52
2000,Kids,Training,Metcon 7,11,4,5966.81,0.94,1432.03,27/02/2024,Retail,Bengaluru,2372.82
2215,Men,Basketball,Zoom Freak,11,3,5966.81,0.36,11456.27,16/12/2024,Online,Kolkata,3254.06
2221,Kids,Lifestyle,Waffle One,9,2,3375.97,0,6751.94,01/06/2024,Retail,Mumbai,-297.05
2222,Men,Training,ZoomX Invincible,11,2,8897.19,0.11,15837,21/12/2024,Retail,Mumbai,2821.69
2231,Kids,Training,Flex Trainer,9,0,5966.81,1,0,01/04/2025,Online,Bengaluru,-39.48
2234,Men,Training,Flex Trainer,11,4,6189.1,1,0,21/12/2024,Retail,Bengaluru,2085.62
2042,Men,Basketball,Kyrie Flytrap,10,1,5254.47,0,5254.47,26/02/2025,Retail,Bengaluru,2459.63
2248,Men,Training,Metcon 7,7,4,8249.96,0.24,25079.88,16/01/2024,Online,Bengaluru,1625.14
2046,Men,Basketball,Air Jordan,11,2,9593.65,0,19187.3,01/11/2025,Online,Hyderabad,1592.5
2253,Men,Training,Flex Trainer,7,0,5966.81,0,0,18/05/2025,Online,Bengaluru,1516.72
2257,Men,Basketball,Kyrie Flytrap,11,1,5966.81,0,5966.81,02/09/2025,Online,Mumbai,-365.42
2260,Women,Lifestyle,Dunk Low,7,2,5966.81,0,11933.61,12/12/2024,Retail,Pune,-352.18
2262,Women,Running,Pegasus Turbo,9,0,5966.81,0,0,15/09/2024,Retail,Pune,3146.93
2263,Women,Soccer,Premier III,7,0,5172.14,0,0,10/08/2024,Online,Kolkata,2510.55
2264,Men,Training,ZoomX Invincible,11,4,5622.32,1,0,22/04/2024,Retail,Bengaluru,1248.25
2268,Men,Soccer,Mercurial Superfly,7,3,7330.81,0,21992.43,16/11/2023,Online,Kolkata,518.71
2269,Women,Training,ZoomX Invincible,11,4,6424.32,0,25697.28,14/07/2024,Retail,Mumbai,-405.26
2270,Men,Running,React Infinity,11,1,5966.81,1,0,06/06/2025,Retail,Pune,3088.25
2038,Women,Training,ZoomX Invincible,11,1,7338.57,0,7338.57,21/10/2024,Retail,Delhi,3680.24
2274,Women,Training,Metcon 7,6,4,5966.81,0.45,13126.97,13/06/2025,Online,Bengaluru,2561.89
2281,Kids,Lifestyle,Waffle One,7,2,5966.81,0,11933.61,13/07/2025,Retail,Kolkata,1753.48
2283,Men,Soccer,Mercurial Superfly,10,1,5966.81,0,5966.81,21/08/2024,Retail,Delhi,468.59
2292,Women,Running,Free RN,7,2,5966.81,1,0,11/05/2024,Online,Kolkata,1192.5
2293,Women,Basketball,Air Jordan,11,3,5966.81,0,17900.42,13/05/2025,Retail,Mumbai,2525.87
2299,Kids,Soccer,Phantom GT,11,2,5966.81,0.77,2744.73,05/09/2025,Online,Hyderabad,2596.8
2300,Men,Basketball,Air Jordan,9,3,6331.64,0.78,4178.88,17/08/2024,Retail,Delhi,3380.28
2302,Women,Running,Air Zoom,11,0,5966.81,0,0,27/02/2025,Retail,Hyderabad,1489.99
2303,Kids,Running,Free RN,9,2,2504.09,0,5008.18,24/12/2024,Retail,Hyderabad,2971.55
2306,Kids,Basketball,Air Jordan,11,1,8267.56,0.29,5869.97,11/10/2024,Retail,Bengaluru,476.25
2307,Women,Running,Free RN,11,2,9369.1,0,18738.2,18/06/2025,Retail,Kolkata,2390.7
2308,Men,Running,Pegasus Turbo,11,0,5966.81,0.65,0,05/01/2025,Online,Bengaluru,2282.01
2026,Women,Training,Flex Trainer,7,4,5966.81,0.26,17661.75,25/09/2024,Online,Delhi,495.62
2314,Women,Soccer,Mercurial Superfly,7,2,5966.81,0.86,1670.71,12/09/2024,Retail,Mumbai,1505.11
2318,Men,Soccer,Phantom GT,11,2,5966.81,0.25,8950.21,04/04/2025,Retail,Delhi,1894.17
2322,Women,Running,Pegasus Turbo,9,0,8016.24,0,0,04/07/2025,Retail,Delhi,1333.86
2324,Women,Soccer,Mercurial Superfly,7,0,5966.81,0.21,0,27/02/2025,Online,Kolkata,2640.1
2325,Men,Basketball,Zoom Freak,7,0,8031.83,0.56,0,18/05/2025,Online,Kolkata,3954.38
2326,Women,Lifestyle,Dunk Low,11,4,9936.94,0,39747.76,12/10/2024,Retail,Kolkata,2047.65
2327,Men,Training,Flex Trainer,11,4,6640.67,0,26562.68,21/03/2025,Retail,Delhi,3402.41
2328,Men,Lifestyle,Waffle One,6,2,6449.46,0.29,9158.23,11/09/2024,Online,Mumbai,39.69
2329,Men,Basketball,Kyrie Flytrap,9,4,4981.26,0,19925.04,06/05/2025,Online,Mumbai,1833.07
2334,Women,Training,SuperRep Go,9,4,5966.81,0.82,4296.1,06/06/2024,Retail,Mumbai,-80.25
2335,Women,Running,Free RN,11,0,5620.64,0,0,01/05/2024,Online,Mumbai,217.22
2336,Kids,Soccer,Mercurial Superfly,8,4,8482.43,0,33929.72,22/10/2023,Online,Pune,3854.71
2340,Women,Running,Free RN,7,3,5966.81,0.91,1611.04,08/07/2024,Online,Mumbai,-425.99
2343,Women,Basketball,Zoom Freak,11,0,7507.91,0,0,22/11/2024,Retail,Kolkata,1900.24
2345,Men,Running,React Infinity,11,0,5966.81,0,0,21/06/2025,Retail,Hyderabad,3039.05
2349,Kids,Soccer,Tiempo Legend,10,3,5966.81,0,17900.42,25/10/2023,Online,Delhi,-902.62
2350,Men,Running,Air Zoom,11,4,8228.88,0,32915.52,21/03/2025,Retail,Delhi,2494.5
2351,Men,Basketball,LeBron 20,11,3,4179.34,0,12538.02,29/07/2024,Retail,Pune,2363.69
2353,Kids,Training,ZoomX Invincible,9,0,5966.81,0.22,0,10/03/2024,Retail,Bengaluru,818.35
2354,Men,Basketball,Kyrie Flytrap,9,0,5966.81,0,0,09/06/2024,Online,Hyderabad,1445.09
2355,Women,Lifestyle,Waffle One,9,1,5966.81,0,5966.81,26/07/2024,Retail,Bengaluru,-887.83
2358,Men,Basketball,LeBron 20,7,4,5966.81,0,23867.23,24/02/2025,Online,Pune,1819.6
2361,Kids,Training,Flex Trainer,9,0,5966.81,1,0,30/07/2024,Retail,Mumbai,1302.98
2362,Women,Lifestyle,Blazer Mid,11,2,5966.81,1,0,12/09/2024,Online,Bengaluru,3817.26
2367,Kids,Lifestyle,Dunk Low,11,4,6202.99,0.84,3969.91,11/12/2024,Online,Bengaluru,-202.12
2369,Men,Basketball,LeBron 20,11,0,4248.21,0.5,0,07/11/2025,Online,Hyderabad,2427.86
2370,Men,Running,Pegasus Turbo,9,2,5966.81,0,11933.61,02/04/2025,Online,Delhi,867.37
2371,Kids,Training,Flex Trainer,11,1,5966.81,0.05,5668.47,15/04/2025,Online,Kolkata,3424.65
2377,Men,Basketball,LeBron 20,11,4,5966.81,0,23867.23,07/02/2025,Online,Mumbai,2438.24
2379,Men,Lifestyle,Air Force 1,9,4,5966.81,0,23867.23,04/09/2024,Online,Mumbai,3289.77
2380,Men,Soccer,Phantom GT,7,1,7932.85,0,7932.85,12/09/2024,Retail,Delhi,2707.27
2381,Kids,Lifestyle,Dunk Low,7,3,4834.65,1,0,10/12/2024,Retail,Pune,213.96
2382,Men,Lifestyle,Waffle One,9,4,5966.81,0,23867.23,03/09/2024,Retail,Mumbai,787.42
2384,Women,Training,SuperRep Go,11,3,2070.97,1,0,09/05/2024,Online,Delhi,42.89
2387,Women,Basketball,Kyrie Flytrap,11,3,5966.81,0,17900.42,21/09/2024,Online,Pune,1042.09
2388,Kids,Running,Air Zoom,9,1,5321.46,0,5321.46,09/02/2024,Retail,Bengaluru,2587.26
2389,Women,Basketball,Kyrie Flytrap,11,0,7901.16,0.77,0,10/08/2024,Online,Delhi,-406.39
2002,Women,Training,ZoomX Invincible,11,4,6820.42,0,27281.68,10/03/2024,Retail,Kolkata,3842.85
2395,Kids,Soccer,Premier III,11,1,5966.81,0,5966.81,07/08/2025,Online,Pune,85
2025,Kids,Training,ZoomX Invincible,11,4,6743.07,0,26972.28,10/09/2024,Online,Pune,-277.41
2012,Kids,Running,Pegasus Turbo,11,0,9220.15,0,0,04/02/2025,Retail,Pune,2688.05
2405,Men,Basketball,Kyrie Flytrap,6,1,5966.81,0,5966.81,17/11/2024,Online,Kolkata,69.95
2406,Men,Training,Metcon 7,9,4,6458.72,0,25834.88,17/09/2023,Online,Mumbai,402
2408,Men,Soccer,Premier III,11,1,5966.81,0,5966.81,10/09/2024,Retail,Bengaluru,1731.86
2415,Women,Running,Free RN,8,3,6178.39,0,18535.17,22/07/2024,Retail,Bengaluru,73.75
2416,Kids,Soccer,Mercurial Superfly,9,3,6245.23,1,0,14/12/2024,Retail,Mumbai,3485.64
2421,Women,Running,React Infinity,7,2,8136.39,0,16272.78,03/10/2025,Retail,Pune,3398.15
2422,Kids,Soccer,Tiempo Legend,11,4,5966.81,0,23867.23,23/07/2024,Retail,Mumbai,3044.66
2428,Kids,Basketball,Kyrie Flytrap,12,2,5966.81,0,11933.61,12/07/2024,Retail,Mumbai,427.51
2430,Women,Soccer,Tiempo Legend,12,3,5966.81,0.1,16110.38,07/09/2025,Online,Pune,215.3
2431,Women,Lifestyle,Blazer Mid,9,1,5966.81,0,5966.81,15/11/2024,Online,Hyderabad,1627.78
2432,Women,Basketball,Zoom Freak,9,1,3036.61,0.86,425.13,26/10/2024,Online,Mumbai,3754.3
2437,Women,Running,Pegasus Turbo,11,3,5966.81,0.53,8413.2,31/07/2024,Retail,Hyderabad,-281.42
2443,Women,Basketball,LeBron 20,7,1,6271.66,0,6271.66,15/03/2025,Retail,Mumbai,2449.43
2444,Women,Lifestyle,Blazer Mid,11,3,3676.04,0,11028.12,25/05/2025,Retail,Pune,1621.74
2003,Women,Lifestyle,Waffle One,11,2,8516.45,0.22,13285.66,30/09/2023,Online,Kolkata,1764.52
2451,Kids,Soccer,Premier III,11,2,5966.81,0.54,5489.46,11/04/2023,Online,Mumbai,2233.57
2456,Women,Soccer,Premier III,7,0,4254.68,0,0,15/03/2025,Retail,Kolkata,3498.64
2457,Women,Soccer,Mercurial Superfly,11,0,8206.22,0,0,03/04/2025,Retail,Bengaluru,2443.4
2460,Women,Basketball,Zoom Freak,11,2,5482.96,0.35,7127.85,11/04/2024,Online,Kolkata,-823.8
2464,Women,Lifestyle,Blazer Mid,11,3,2699.59,0,8098.77,30/06/2024,Retail,Hyderabad,3507.56
2465,Kids,Lifestyle,Blazer Mid,7,1,7814.02,0,7814.02,22/03/2025,Retail,Pune,684.07
2467,Kids,Training,SuperRep Go,7,1,8484.82,0,8484.82,11/05/2023,Online,Mumbai,1899.54
2468,Women,Soccer,Phantom GT,7,0,6012.23,0.62,0,26/10/2024,Retail,Bengaluru,-1113.25
2469,Men,Training,Metcon 7,11,4,5966.81,1,0,21/05/2025,Retail,Mumbai,-279.26
2475,Men,Running,Free RN,9,2,5966.81,1,0,01/07/2025,Online,Bengaluru,3885.97
2478,Women,Soccer,Mercurial Superfly,11,2,5966.81,0.62,4534.77,05/12/2025,Online,Pune,-223.4
2481,Women,Soccer,Premier III,7,1,9145.37,0.07,8505.19,17/04/2025,Online,Pune,1755.19
2487,Men,Running,Air Zoom,9,3,5881.13,0.8,3528.68,31/03/2025,Online,Hyderabad,2108.4
2489,Men,Lifestyle,Air Force 1,11,4,5966.81,0.18,19571.13,10/02/2024,Retail,Hyderabad,1415.34
2490,Women,Soccer,Premier III,9,3,5015.19,0.75,3761.39,26/11/2024,Online,Hyderabad,-494.53
2493,Women,Soccer,Premier III,11,3,6042.94,0,18128.82,26/11/2024,Retail,Kolkata,1659.75
2494,Kids,Lifestyle,Dunk Low,11,2,5966.81,0,11933.61,20/11/2024,Retail,Mumbai,1007.7
2495,Kids,Basketball,LeBron 20,11,3,5966.81,1,0,20/01/2025,Retail,Bengaluru,36.16
2496,Kids,Running,React Infinity,7,2,4110.72,0.32,5590.58,24/12/2024,Retail,Bengaluru,3894.95
2497,Kids,Basketball,Air Jordan,11,1,5966.81,0,5966.81,29/11/2023,Online,Mumbai,2592.98
2502,Women,Basketball,Kyrie Flytrap,7,0,5966.81,0,0,09/10/2023,Retail,Mumbai,2412.82
2507,Men,Soccer,Phantom GT,9,2,5966.81,0,11933.61,13/03/2024,Retail,Hyderabad,2116.53
2513,Women,Basketball,Zoom Freak,11,4,9848.8,0,39395.2,10/11/2024,Online,Pune,2764.66
2514,Kids,Basketball,Air Jordan,7,1,5966.81,0,5966.81,26/05/2025,Online,Bengaluru,1790.41
2521,Kids,Lifestyle,Blazer Mid,7,4,3645.35,0,14581.4,25/09/2024,Online,Kolkata,3265.83
2522,Men,Running,Pegasus Turbo,11,4,6243.91,0,24975.64,13/02/2024,Retail,Kolkata,-199.13
2525,Women,Training,Metcon 7,11,2,5966.81,0,11933.61,18/02/2025,Retail,Kolkata,3453.18
2526,Kids,Lifestyle,Waffle One,10,1,5966.81,0,5966.81,08/01/2024,Retail,Hyderabad,3188.07
2528,Women,Training,ZoomX Invincible,11,2,5966.81,0,11933.61,06/10/2025,Online,Delhi,134.1
2530,Women,Lifestyle,Dunk Low,7,2,4357.79,0,8715.58,27/02/2025,Retail,Mumbai,3936.13
2535,Men,Soccer,Tiempo Legend,11,2,2786.84,0.21,4403.21,25/01/2025,Online,Mumbai,3345.36
2538,Men,Lifestyle,Waffle One,11,2,9701.24,0,19402.48,10/06/2024,Retail,Kolkata,223.82
2547,Women,Soccer,Mercurial Superfly,7,1,3068.13,0,3068.13,07/08/2025,Retail,Kolkata,-586.29
2550,Men,Soccer,Premier III,11,1,6121.21,0.05,5815.15,09/08/2023,Online,Kolkata,2470.08
2552,Women,Soccer,Premier III,10,1,5966.81,0.41,3520.42,05/03/2025,Retail,Hyderabad,3389.34
2554,Women,Training,Flex Trainer,7,1,6755.56,0,6755.56,13/01/2025,Retail,Bengaluru,1002.19
2557,Men,Basketball,LeBron 20,7,3,5966.81,0,17900.42,11/09/2024,Retail,Kolkata,1115.74
2559,Men,Lifestyle,Air Force 1,7,3,6011.84,0,18035.52,02/10/2025,Online,Kolkata,-99.73
2560,Kids,Basketball,Zoom Freak,7,2,5966.81,0,11933.61,16/01/2025,Retail,Delhi,3493.16
2562,Kids,Training,ZoomX Invincible,9,1,5966.81,0,5966.81,21/12/2024,Retail,Mumbai,-79.1
2563,Men,Soccer,Mercurial Superfly,7,2,9443.35,0.54,8687.88,13/04/2025,Retail,Kolkata,2706.61
2565,Women,Lifestyle,Dunk Low,11,4,3028.41,0,12113.64,18/09/2024,Online,Mumbai,1754.48
2567,Women,Running,Air Zoom,7,3,5966.81,0,17900.42,15/09/2024,Online,Pune,1162.3
2569,Women,Basketball,Air Jordan,9,2,9605.11,0.88,2305.23,24/08/2024,Online,Hyderabad,128.89
2575,Men,Training,Metcon 7,11,2,3582.67,0,7165.34,07/03/2025,Online,Hyderabad,1982.16
2578,Men,Lifestyle,Blazer Mid,9,2,5966.81,0,11933.61,05/10/2025,Retail,Bengaluru,3550
2579,Kids,Lifestyle,Dunk Low,7,3,9541.83,0,28625.49,26/07/2024,Online,Delhi,589.3
2580,Kids,Training,Flex Trainer,7,1,2749.79,0,2749.79,12/06/2024,Retail,Kolkata,2978.85
2581,Kids,Running,Free RN,10,0,5966.81,0.53,0,30/10/2024,Online,Mumbai,800.45
2589,Men,Training,Metcon 7,7,3,5966.81,0,17900.42,17/09/2024,Online,Kolkata,1429.18
2594,Women,Training,ZoomX Invincible,11,3,7944.34,0.67,7864.9,23/02/2024,Retail,Hyderabad,1534.91
2595,Men,Basketball,LeBron 20,11,0,5966.81,0,0,23/02/2024,Retail,Delhi,420.27
2597,Kids,Running,Air Zoom,11,3,3348.83,0,10046.49,12/05/2024,Online,Bengaluru,-540.08
2600,Kids,Lifestyle,Air Force 1,7,3,5966.81,0,17900.42,11/04/2024,Online,Pune,803.62
2601,Women,Soccer,Tiempo Legend,11,1,5966.81,0,5966.81,27/09/2024,Retail,Delhi,3739.4
2602,Kids,Running,Free RN,11,2,3518.53,0,7037.06,17/11/2024,Online,Pune,3494.88
2603,Women,Running,Air Zoom,9,0,5966.81,0,0,18/03/2025,Online,Hyderabad,-144.08
2047,Men,Soccer,Phantom GT,11,4,6136.45,0,24545.8,17/12/2024,Online,Kolkata,2790.51
2612,Women,Training,Flex Trainer,7,0,5966.81,0,0,08/10/2023,Retail,Mumbai,507.1
2615,Women,Soccer,Phantom GT,11,3,3042.37,0.12,8031.86,24/03/2025,Online,Pune,2105.48
2619,Kids,Lifestyle,Waffle One,9,4,5966.81,0.65,8353.53,22/01/2024,Online,Hyderabad,-300.28
2621,Kids,Soccer,Phantom GT,9,3,6466.57,0.59,7953.88,19/05/2024,Online,Bengaluru,-1152.86
2628,Kids,Basketball,Kyrie Flytrap,9,4,5966.81,0.44,13365.65,29/06/2025,Retail,Pune,-348.88
2633,Kids,Basketball,Air Jordan,10,0,5966.81,0.71,0,13/06/2025,Online,Bengaluru,3634.35
2638,Men,Soccer,Premier III,8,1,5028.99,0,5028.99,22/01/2024,Online,Pune,654.11
2640,Kids,Training,ZoomX Invincible,9,2,7900.02,0,15800.04,08/02/2024,Online,Bengaluru,861.92
2022,Kids,Training,ZoomX Invincible,9,3,5966.81,0,17900.42,27/11/2024,Retail,Mumbai,689.62
2646,Men,Soccer,Premier III,11,1,5966.81,0.89,656.35,20/10/2024,Retail,Kolkata,2676.52
2651,Kids,Basketball,Air Jordan,9,1,5966.81,0,5966.81,27/10/2024,Online,Kolkata,-819.33
2652,Women,Basketball,Air Jordan,11,2,5966.81,1,0,04/10/2025,Online,Delhi,-240.8
2657,Kids,Running,Air Zoom,7,4,5966.81,0,23867.23,04/07/2025,Online,Delhi,494.45
2658,Women,Lifestyle,Dunk Low,9,1,5966.81,0,5966.81,26/04/2025,Online,Delhi,155.53
2663,Kids,Training,Metcon 7,9,2,5966.81,0.43,6802.16,17/06/2025,Retail,Delhi,3174.81
2664,Kids,Running,Pegasus Turbo,9,2,9103.08,0,18206.16,12/11/2024,Online,Mumbai,1726.8
2667,Women,Lifestyle,Air Force 1,11,3,9367.66,0,28102.98,23/03/2025,Online,Delhi,-623.95
2027,Men,Soccer,Premier III,12,4,7204.01,0,28816.04,15/06/2025,Retail,Delhi,3951.42
2672,Women,Lifestyle,Air Force 1,11,2,5966.81,0,11933.61,08/04/2024,Online,Mumbai,67.58
2675,Women,Soccer,Premier III,12,3,5966.81,0,17900.42,04/04/2025,Online,Hyderabad,2731.71
2678,Kids,Running,Pegasus Turbo,11,0,4240.24,1,0,11/06/2024,Retail,Pune,3483.11
2682,Men,Basketball,LeBron 20,11,4,5966.81,0.41,14081.66,28/08/2024,Retail,Pune,3614.76
2683,Kids,Lifestyle,Dunk Low,11,1,5966.81,0,5966.81,06/12/2025,Online,Mumbai,1119.71
2684,Men,Lifestyle,Blazer Mid,9,0,5966.81,0.73,0,04/11/2025,Retail,Mumbai,1556.61
2685,Kids,Lifestyle,Dunk Low,7,4,5966.81,0,23867.23,22/05/2025,Retail,Hyderabad,1377.72
2699,Men,Lifestyle,Dunk Low,11,0,5966.81,0,0,21/02/2025,Online,Mumbai,1052.65
2700,Kids,Training,Metcon 7,11,0,5966.81,0.48,0,07/11/2025,Retail,Bengaluru,1423.83
2702,Men,Basketball,Kyrie Flytrap,11,0,5966.81,0,0,16/12/2024,Online,Pune,687.32
2706,Women,Training,ZoomX Invincible,11,0,5966.81,0,0,05/08/2025,Retail,Kolkata,3153.1
2709,Kids,Running,Free RN,10,1,6302.98,0.48,3277.55,03/08/2025,Retail,Delhi,2835.93
2713,Men,Lifestyle,Air Force 1,9,1,7877.36,0.55,3544.81,05/10/2025,Retail,Kolkata,3663.49
2715,Kids,Basketball,LeBron 20,9,0,5966.81,1,0,13/06/2025,Online,Kolkata,-1164.37
2716,Kids,Training,SuperRep Go,7,0,4830.96,0,0,17/11/2024,Online,Pune,1344.73
2717,Men,Running,Free RN,7,0,9473.09,0,0,17/11/2024,Online,Delhi,3055.36
2721,Kids,Training,Flex Trainer,9,0,5966.81,0,0,11/11/2023,Online,Bengaluru,1275.23
2722,Women,Lifestyle,Dunk Low,9,0,5966.81,0.09,0,30/09/2024,Online,Kolkata,818.65
2731,Kids,Lifestyle,Dunk Low,7,3,5966.81,0,17900.42,28/03/2025,Online,Kolkata,3961.27
2732,Women,Training,SuperRep Go,7,0,3402.8,0,0,03/01/2025,Online,Hyderabad,1045.5
2738,Women,Training,ZoomX Invincible,7,3,5966.81,0.39,10919.26,05/11/2025,Retail,Pune,-712.53
2739,Kids,Running,Free RN,9,2,5966.81,0.26,8830.87,02/04/2025,Online,Kolkata,2350.69
2003,Women,Training,ZoomX Invincible,11,4,7850.87,1,0,04/01/2025,Online,Kolkata,992.14
2752,Kids,Lifestyle,Waffle One,11,0,5966.81,0,0,23/02/2025,Retail,Pune,341.26
2754,Kids,Training,ZoomX Invincible,11,1,5966.81,0,5966.81,01/03/2025,Online,Kolkata,3565.12
2755,Men,Running,React Infinity,7,3,8574,0,25722,24/12/2024,Online,Bengaluru,161.95
2757,Men,Soccer,Phantom GT,11,0,3101.14,0,0,21/05/2025,Online,Hyderabad,-271.85
2763,Women,Soccer,Phantom GT,10,4,3328.58,0,13314.32,31/07/2024,Online,Pune,-763.34
2773,Women,Training,ZoomX Invincible,7,1,5045.62,1,0,04/02/2025,Online,Hyderabad,1191.02
2778,Kids,Soccer,Phantom GT,11,0,4462.26,0,0,20/06/2025,Online,Hyderabad,1006.73
2781,Men,Training,Metcon 7,12,1,6546.59,0.68,2094.91,09/03/2023,Retail,Bengaluru,1504.31
2785,Women,Lifestyle,Blazer Mid,9,2,5966.81,0,11933.61,20/10/2024,Retail,Hyderabad,-834.71
2787,Kids,Training,Metcon 7,12,3,3440.88,0,10322.64,31/08/2024,Online,Pune,22.93
2793,Men,Running,Pegasus Turbo,11,0,5966.81,0,0,10/12/2024,Retail,Bengaluru,922.24
2799,Kids,Training,SuperRep Go,11,3,2359.47,0.54,3256.07,07/08/2025,Online,Mumbai,3165.65
2800,Women,Running,React Infinity,6,0,8737.08,0.9,0,13/03/2025,Online,Delhi,1737
2801,Women,Running,React Infinity,8,2,5966.81,0,11933.61,13/02/2024,Retail,Mumbai,2966.12
2802,Men,Running,Free RN,9,3,5966.81,0,17900.42,19/01/2024,Online,Kolkata,-231.73
2803,Women,Soccer,Mercurial Superfly,11,0,5966.81,0,0,11/02/2023,Online,Hyderabad,83.11
2806,Kids,Basketball,Kyrie Flytrap,7,3,4466.78,0,13400.34,02/10/2024,Online,Bengaluru,2407.08
2807,Kids,Training,ZoomX Invincible,9,2,5966.81,0,11933.61,10/01/2024,Online,Hyderabad,875.36
2811,Men,Basketball,Zoom Freak,8,3,9153.02,0,27459.06,24/01/2025,Retail,Bengaluru,-77.61
2812,Men,Basketball,LeBron 20,11,2,9507.39,0.01,18824.63,08/08/2024,Online,Kolkata,2570.01
2814,Kids,Running,React Infinity,7,0,5966.81,0,0,10/07/2024,Online,Delhi,1702.06
2816,Men,Basketball,LeBron 20,7,3,5983.35,0,17950.05,22/01/2025,Retail,Hyderabad,916.13
2032,Women,Soccer,Mercurial Superfly,10,2,5966.81,0.96,477.34,16/10/2024,Online,Kolkata,-596.41
2820,Women,Lifestyle,Blazer Mid,7,4,8659.15,0,34636.6,08/05/2024,Online,Mumbai,2078.39
2821,Kids,Lifestyle,Air Force 1,11,0,3360.35,0,0,04/08/2025,Online,Delhi,2991.25
2823,Men,Soccer,Mercurial Superfly,9,1,5966.81,0,5966.81,27/07/2024,Retail,Mumbai,-1125.91
2824,Men,Basketball,Air Jordan,9,4,5123.35,0,20493.4,11/02/2024,Online,Mumbai,1620.37
2827,Men,Basketball,Air Jordan,9,0,4278.28,1,0,27/01/2025,Retail,Hyderabad,860.32
2831,Women,Training,SuperRep Go,7,4,5966.81,0,23867.23,11/10/2024,Online,Mumbai,3134.87
2832,Kids,Basketball,Kyrie Flytrap,11,0,5966.81,0.15,0,17/05/2024,Retail,Hyderabad,752
2833,Women,Training,Flex Trainer,11,4,2224.9,0,8899.6,19/01/2025,Online,Pune,-16.04
2836,Men,Basketball,Kyrie Flytrap,9,0,9098.9,0.75,0,22/07/2025,Retail,Delhi,2729.87
2838,Women,Basketball,Air Jordan,11,4,8605.73,0,34422.92,01/08/2025,Retail,Pune,-990.99
2847,Men,Training,Metcon 7,11,0,5966.81,0.16,0,16/11/2024,Online,Bengaluru,3988.85
2850,Kids,Lifestyle,Waffle One,11,2,5966.81,0,11933.61,11/10/2024,Retail,Pune,458.86
2858,Kids,Lifestyle,Air Force 1,11,0,5966.81,0.6,0,26/10/2024,Retail,Pune,2847.01
2861,Kids,Training,ZoomX Invincible,11,0,5966.81,0,0,20/04/2025,Online,Pune,650.99
2862,Kids,Soccer,Phantom GT,9,4,7940.29,1,0,11/11/2024,Retail,Delhi,1803.25
2865,Women,Soccer,Phantom GT,11,1,5966.81,0.71,1730.37,16/12/2024,Retail,Kolkata,-94.06
2866,Kids,Training,SuperRep Go,11,2,5966.81,0,11933.61,01/09/2025,Online,Pune,273.28
2867,Men,Soccer,Mercurial Superfly,11,1,9936.58,0,9936.58,20/02/2025,Online,Hyderabad,3190.43
2869,Kids,Soccer,Premier III,7,4,5966.81,0,23867.23,26/07/2024,Online,Pune,1550.3
2870,Kids,Training,Metcon 7,7,1,9633.68,0,9633.68,10/05/2024,Retail,Delhi,771.96
2871,Men,Training,Flex Trainer,7,1,2294.09,0,2294.09,22/07/2025,Retail,Bengaluru,1002.21
2875,Women,Lifestyle,Dunk Low,9,4,7401.53,0,29606.12,16/09/2024,Retail,Bengaluru,1559.28
2880,Kids,Basketball,Air Jordan,9,0,8132.33,0.63,0,19/05/2025,Retail,Delhi,191.67
2050,Kids,Basketball,Zoom Freak,6,3,5966.81,0,17900.42,30/06/2025,Retail,Kolkata,-1000.03
2886,Kids,Running,Free RN,11,0,8164.32,0.94,0,19/08/2024,Retail,Pune,286.3
2892,Women,Running,Free RN,7,4,5966.81,0,23867.23,24/11/2024,Online,Bengaluru,-1195.79
2893,Women,Running,React Infinity,10,1,5966.81,0.61,2327.05,04/01/2025,Retail,Delhi,780.43
2895,Kids,Running,React Infinity,11,3,5966.81,0,17900.42,08/03/2024,Online,Pune,677.85
2899,Men,Basketball,LeBron 20,9,3,6531.36,0,19594.08,17/05/2025,Online,Mumbai,-91.78
2006,Men,Lifestyle,Waffle One,11,2,5966.81,0,11933.61,26/09/2023,Retail,Mumbai,-716.79
2904,Women,Soccer,Tiempo Legend,9,2,8644.67,0.54,7953.1,29/04/2025,Online,Bengaluru,2711.75
2906,Women,Lifestyle,Waffle One,7,1,5966.81,0,5966.81,25/08/2024,Retail,Delhi,-291.45
2912,Kids,Running,React Infinity,11,2,9839.63,0.98,393.59,03/07/2024,Online,Bengaluru,1218.22
2917,Men,Soccer,Phantom GT,11,1,3204.72,0,3204.72,21/12/2024,Retail,Bengaluru,1916.14
2922,Kids,Soccer,Tiempo Legend,11,2,5966.81,1,0,16/01/2025,Online,Kolkata,3495.67
2928,Women,Lifestyle,Waffle One,6,3,5966.81,0,17900.42,09/07/2024,Online,Delhi,-1064.86
2932,Kids,Running,Air Zoom,12,0,5966.81,0.35,0,03/01/2025,Online,Bengaluru,-427.86
2933,Women,Training,ZoomX Invincible,11,2,9501.17,0,19002.34,13/04/2024,Retail,Hyderabad,1069.32
2935,Men,Lifestyle,Dunk Low,9,4,5966.81,0,23867.23,13/05/2024,Online,Hyderabad,478.07
2936,Women,Training,Flex Trainer,11,1,6496.58,0.29,4612.57,31/07/2024,Retail,Pune,1933.1
2938,Kids,Soccer,Phantom GT,9,1,5966.81,0,5966.81,14/01/2025,Online,Delhi,2596.64
2942,Women,Training,Flex Trainer,10,4,5222.39,0.57,8982.51,16/04/2025,Online,Bengaluru,-68.53
2948,Men,Basketball,Kyrie Flytrap,6,0,5966.81,0.16,0,19/04/2025,Online,Kolkata,1708.88
2049,Men,Training,Metcon 7,7,2,5966.81,1,0,12/04/2024,Online,Bengaluru,-400.59
2956,Kids,Training,ZoomX Invincible,11,4,5966.81,0.86,3341.41,16/05/2024,Online,Mumbai,3144.87
2958,Women,Lifestyle,Blazer Mid,11,4,7898.87,0,31595.48,05/07/2025,Online,Mumbai,1097.55
2966,Kids,Training,Flex Trainer,8,3,5966.81,0,17900.42,27/02/2025,Online,Pune,333.36
2975,Kids,Soccer,Mercurial Superfly,10,1,5037.43,0,5037.43,11/10/2024,Online,Delhi,3279.17
2981,Kids,Soccer,Premier III,7,4,5185.52,0,20742.08,01/10/2025,Retail,Pune,2777.67
2989,Men,Soccer,Mercurial Superfly,7,1,6429.61,0,6429.61,14/02/2024,Online,Bengaluru,2459.52
2993,Men,Soccer,Premier III,7,4,5966.81,0,23867.23,13/10/2024,Retail,Hyderabad,1770.74
3002,Women,Lifestyle,Waffle One,11,4,5966.81,0,23867.23,22/11/2024,Retail,Delhi,3535.87
3003,Men,Basketball,Zoom Freak,11,2,5966.81,0,11933.61,08/03/2023,Online,Bengaluru,-646.26
3007,Women,Soccer,Tiempo Legend,12,1,7680.16,1,0,30/05/2025,Online,Bengaluru,-1076.72
3013,Kids,Basketball,Zoom Freak,11,4,5966.81,0.96,954.69,16/06/2025,Retail,Kolkata,1039.09
3014,Men,Running,Air Zoom,11,0,5966.81,0,0,30/01/2025,Retail,Hyderabad,-1004.97
3016,Women,Running,Air Zoom,7,0,8931.44,0,0,31/08/2024,Retail,Bengaluru,868.59
3021,Women,Soccer,Mercurial Superfly,6,4,5966.81,0.42,13842.99,21/09/2023,Retail,Hyderabad,3050.7
3025,Kids,Lifestyle,Blazer Mid,9,4,5966.81,0,23867.23,25/08/2024,Retail,Hyderabad,3005.88
3027,Women,Training,SuperRep Go,9,2,9593.27,0,19186.54,25/10/2024,Retail,Delhi,-1038.79
3028,Kids,Running,Air Zoom,9,4,5837.53,0,23350.12,29/01/2025,Retail,Kolkata,-471.86
3030,Men,Soccer,Mercurial Superfly,11,3,6969.28,0.58,8781.29,08/08/2023,Online,Kolkata,98.19
3031,Kids,Soccer,Premier III,7,4,8588.14,0,34352.56,10/11/2023,Online,Kolkata,-117.68
3032,Men,Running,React Infinity,11,0,5966.81,0,0,16/01/2025,Online,Mumbai,450.75
3036,Kids,Lifestyle,Dunk Low,11,2,2879.09,0,5758.18,15/10/2024,Retail,Hyderabad,1129.11
3038,Kids,Lifestyle,Air Force 1,7,0,4195.03,0,0,27/01/2025,Retail,Delhi,1068.18
3043,Men,Running,React Infinity,9,2,5966.81,0,11933.61,04/11/2025,Retail,Delhi,147.79
3047,Women,Basketball,Kyrie Flytrap,11,3,6175.84,0.9,1852.75,14/10/2024,Online,Hyderabad,-960.94
3048,Women,Lifestyle,Waffle One,6,1,5966.81,0.23,4594.44,17/07/2025,Retail,Hyderabad,517.17
3059,Women,Running,React Infinity,9,3,5966.81,1,0,19/06/2025,Online,Hyderabad,3692.43
3062,Women,Soccer,Phantom GT,11,1,6936.34,0.46,3745.62,19/03/2025,Retail,Mumbai,1647.34
3063,Kids,Running,Air Zoom,7,2,9676.61,0,19353.22,20/04/2025,Online,Mumbai,3674.74
3067,Men,Lifestyle,Blazer Mid,9,4,5966.81,0,23867.23,03/05/2024,Retail,Hyderabad,1939.56
3068,Kids,Lifestyle,Air Force 1,9,4,4867.07,1,0,25/05/2025,Online,Delhi,2863.56
3069,Men,Training,Metcon 7,9,1,5966.81,1,0,13/04/2025,Online,Hyderabad,-6.91
3078,Men,Running,Free RN,7,1,2555.18,0,2555.18,14/09/2024,Online,Delhi,1820.38
3087,Kids,Lifestyle,Waffle One,7,3,2765.77,0,8297.31,01/08/2025,Retail,Bengaluru,2785.94
3091,Women,Basketball,Air Jordan,11,1,8666.84,0.3,6066.79,13/02/2025,Online,Hyderabad,204.77
3093,Women,Soccer,Tiempo Legend,10,3,5966.81,0,17900.42,29/06/2025,Retail,Kolkata,28.77
3096,Men,Training,ZoomX Invincible,11,4,5966.81,0.9,2386.72,03/05/2025,Online,Hyderabad,20.31
3100,Women,Training,ZoomX Invincible,7,4,5966.81,0.97,716.02,30/06/2025,Retail,Mumbai,1861.15
2021,Men,Lifestyle,Blazer Mid,8,3,3723.21,0,11169.63,22/06/2025,Online,Bengaluru,-1133.4
3103,Kids,Lifestyle,Blazer Mid,11,2,5966.81,0,11933.61,01/06/2025,Online,Mumbai,1567.18
3104,Men,Running,Free RN,9,0,7734.26,0.47,0,02/09/2025,Online,Bengaluru,1921.82
3105,Women,Soccer,Phantom GT,9,4,5966.81,0.57,10262.91,30/11/2024,Online,Pune,3176.71
3114,Women,Running,React Infinity,9,1,7627.37,0,7627.37,27/03/2025,Retail,Bengaluru,2752.18
3116,Kids,Basketball,Zoom Freak,7,3,5966.81,0.06,16826.4,21/11/2024,Retail,Kolkata,-236.15
3125,Kids,Soccer,Phantom GT,11,2,5966.81,0.7,3580.08,03/10/2025,Online,Bengaluru,1561.59
3127,Men,Training,ZoomX Invincible,11,1,4614.33,0.47,2445.59,10/07/2024,Online,Pune,-440.44
3132,Kids,Lifestyle,Dunk Low,11,2,5073.69,0,10147.38,07/12/2025,Online,Hyderabad,-1033.35
3135,Women,Soccer,Mercurial Superfly,11,3,4009.47,1,0,28/08/2024,Online,Pune,2434.87
3143,Men,Training,Flex Trainer,7,3,3938.59,0.98,236.32,23/08/2024,Online,Mumbai,635.39
3146,Women,Soccer,Premier III,11,1,5966.81,0,5966.81,29/12/2024,Retail,Hyderabad,1087.27
3150,Women,Lifestyle,Dunk Low,11,0,5966.81,0,0,10/04/2024,Online,Kolkata,-848.63
3154,Kids,Running,Free RN,9,2,5966.81,0.95,596.68,21/04/2025,Online,Delhi,-1100.45
3162,Men,Soccer,Tiempo Legend,11,2,5966.81,0,11933.61,24/02/2024,Online,Pune,1686.78
3163,Women,Running,Free RN,11,2,8204.14,0,16408.28,22/06/2025,Retail,Delhi,961.65
3164,Men,Soccer,Premier III,11,4,5966.81,0,23867.23,28/04/2025,Online,Bengaluru,-382.88
3165,Women,Soccer,Phantom GT,11,2,2530.29,0.29,3593.01,17/02/2025,Online,Kolkata,3264.03
3168,Women,Lifestyle,Air Force 1,7,2,6125.15,0,12250.3,28/02/2025,Retail,Delhi,61.83
3179,Women,Training,SuperRep Go,11,3,5966.81,0.36,11456.27,24/04/2025,Online,Mumbai,517.77
3187,Kids,Running,Air Zoom,11,0,8979.45,0,0,15/01/2025,Online,Hyderabad,1709.08
3189,Men,Basketball,LeBron 20,9,3,6730.48,0.33,13528.26,02/08/2025,Online,Kolkata,1456.87
3191,Kids,Soccer,Mercurial Superfly,9,4,5966.81,0,23867.23,02/04/2025,Retail,Pune,2709.18
3192,Kids,Running,Free RN,7,1,5966.81,0,5966.81,16/03/2025,Online,Pune,2055.67
3195,Men,Lifestyle,Blazer Mid,11,1,3259.95,0,3259.95,03/09/2025,Retail,Delhi,1423.92
3208,Kids,Training,Metcon 7,11,0,5966.81,0.97,0,04/12/2025,Retail,Mumbai,2190.72
3212,Kids,Soccer,Mercurial Superfly,7,4,7670.57,0,30682.28,10/05/2024,Retail,Kolkata,2025.11
3217,Men,Soccer,Tiempo Legend,6,1,4819.75,0.22,3759.4,15/02/2025,Retail,Pune,-514.9
3221,Women,Basketball,LeBron 20,11,2,9682.68,0.88,2323.84,21/09/2024,Online,Pune,1650.44
3224,Women,Soccer,Phantom GT,11,1,9872.38,0.18,8095.35,18/03/2025,Retail,Pune,233.85
3226,Men,Soccer,Mercurial Superfly,11,2,4585.77,0,9171.54,02/12/2025,Retail,Pune,-241.59
3232,Kids,Lifestyle,Air Force 1,11,0,5966.81,0,0,11/11/2023,Online,Pune,2083.57
3233,Men,Soccer,Phantom GT,7,1,4091.68,0,4091.68,26/04/2025,Retail,Hyderabad,571.8
3236,Kids,Lifestyle,Blazer Mid,11,4,5966.81,0.68,7637.51,21/07/2025,Retail,Hyderabad,-37.37
3237,Kids,Basketball,LeBron 20,9,3,5596.52,0,16789.56,16/08/2024,Retail,Mumbai,2926.28
3243,Men,Lifestyle,Air Force 1,9,3,5966.81,0,17900.42,25/10/2024,Retail,Pune,1943.22
3244,Women,Training,Metcon 7,7,0,5966.81,0,0,13/03/2025,Online,Hyderabad,1750.18
3245,Women,Running,React Infinity,9,3,5966.81,0,17900.42,19/05/2024,Retail,Pune,3102.91
3248,Women,Lifestyle,Blazer Mid,12,0,8234.91,0,0,24/11/2024,Online,Mumbai,2984.1
3249,Kids,Lifestyle,Blazer Mid,7,1,4738.25,0,4738.25,25/02/2025,Online,Bengaluru,731.1
3252,Men,Basketball,Zoom Freak,10,1,5966.81,0,5966.81,26/03/2024,Online,Mumbai,-563.83
3259,Women,Lifestyle,Air Force 1,6,0,7305.78,0,0,07/04/2025,Retail,Mumbai,573.79
3260,Men,Soccer,Mercurial Superfly,7,1,5966.81,0,5966.81,28/06/2025,Online,Mumbai,1287.17
3263,Women,Running,React Infinity,9,4,5966.81,0,23867.23,23/02/2025,Online,Mumbai,2278.12
3264,Men,Training,Metcon 7,11,2,5966.81,0.13,10382.24,06/08/2025,Online,Bengaluru,-992.25
3265,Women,Soccer,Mercurial Superfly,7,4,5966.81,0,23867.23,22/09/2024,Retail,Bengaluru,2860.71
3274,Men,Training,SuperRep Go,9,3,6031.14,0.15,15379.41,05/03/2025,Retail,Hyderabad,169.05
3275,Women,Soccer,Premier III,9,4,5966.81,0,23867.23,27/05/2025,Retail,Hyderabad,1652.12
3277,Men,Training,SuperRep Go,11,4,5966.81,0,23867.23,09/05/2024,Online,Bengaluru,293.59
3279,Kids,Soccer,Mercurial Superfly,11,4,2572.41,0.1,9260.68,11/09/2024,Retail,Delhi,3098.28
3282,Kids,Basketball,Air Jordan,11,4,5966.81,0.23,18377.76,19/05/2024,Retail,Delhi,-190.17
3283,Men,Soccer,Premier III,11,2,5966.81,0,11933.61,18/10/2024,Online,Mumbai,3871.51
3284,Women,Running,Free RN,11,4,5776.74,0,23106.96,20/08/2024,Online,Kolkata,210.83
3285,Men,Training,Metcon 7,11,4,5966.81,0,23867.23,10/05/2024,Online,Hyderabad,-401.38
3286,Kids,Basketball,LeBron 20,11,0,4323.86,0,0,16/01/2025,Retail,Hyderabad,-577.54
3288,Kids,Lifestyle,Dunk Low,10,4,5966.81,0,23867.23,25/07/2024,Retail,Delhi,3852.98
3300,Women,Basketball,Air Jordan,9,2,5966.81,0,11933.61,18/12/2024,Retail,Bengaluru,3436.23
3303,Kids,Soccer,Tiempo Legend,9,2,6380.5,0,12761,19/10/2024,Online,Kolkata,2846.02
3308,Men,Training,ZoomX Invincible,11,0,5966.81,0.85,0,04/08/2025,Online,Bengaluru,2625.19
3310,Women,Running,Free RN,7,4,5966.81,0.21,18855.11,18/04/2025,Retail,Kolkata,2856.16
3311,Kids,Soccer,Premier III,7,0,5966.81,0.04,0,05/02/2025,Online,Delhi,3152.21
3312,Women,Basketball,Zoom Freak,7,1,8069.3,0,8069.3,25/05/2025,Retail,Pune,-95.96
3321,Kids,Soccer,Tiempo Legend,7,4,4986.67,1,0,15/01/2025,Retail,Mumbai,3170.16
3327,Men,Training,Flex Trainer,12,3,5966.81,0,17900.42,03/10/2025,Online,Bengaluru,-1155.61
3334,Kids,Soccer,Tiempo Legend,9,3,2471.71,0,7415.13,14/11/2023,Online,Mumbai,1190.89
3337,Men,Training,ZoomX Invincible,9,4,5966.81,0,23867.23,10/10/2024,Online,Delhi,2915.13
3340,Kids,Soccer,Premier III,7,3,3248.74,0,9746.22,29/12/2024,Retail,Mumbai,2551.47
3341,Kids,Training,Metcon 7,8,3,8387.99,0,25163.97,23/03/2024,Online,Bengaluru,1693.41
2037,Women,Lifestyle,Dunk Low,12,4,5966.81,1,0,04/11/2025,Online,Delhi,3651.05
3343,Kids,Basketball,Air Jordan,9,3,9405.77,0,28217.31,11/12/2024,Retail,Hyderabad,1688.78
3355,Kids,Basketball,LeBron 20,6,0,7781.4,1,0,16/01/2025,Online,Pune,1815.96
3356,Women,Soccer,Tiempo Legend,7,4,5966.81,0,23867.23,13/03/2025,Online,Mumbai,724.11
3357,Kids,Training,Flex Trainer,7,4,6206.45,0.5,12412.9,04/05/2025,Online,Delhi,678.42
3360,Women,Training,Metcon 7,7,4,5966.81,0.06,22435.19,31/07/2024,Online,Bengaluru,304.12
3363,Women,Basketball,Kyrie Flytrap,11,3,5966.81,0.6,7160.17,18/02/2025,Online,Bengaluru,39.86
3371,Men,Training,Flex Trainer,11,1,2636.01,0,2636.01,26/04/2025,Retail,Delhi,2255.43
3374,Men,Training,Flex Trainer,7,4,4500.96,0,18003.84,16/12/2024,Online,Pune,1905.25
3375,Kids,Running,Free RN,7,0,2134.23,0,0,22/11/2024,Online,Bengaluru,1647.39
3379,Men,Basketball,Air Jordan,11,2,5000.49,0.86,1400.14,23/10/2024,Retail,Pune,3000.14
3381,Men,Training,ZoomX Invincible,11,1,5966.81,0,5966.81,23/02/2024,Retail,Mumbai,2718.47
3382,Men,Basketball,LeBron 20,11,2,9187.23,0,18374.46,01/10/2025,Retail,Hyderabad,1710.15
3387,Men,Soccer,Phantom GT,10,4,5966.81,1,0,21/06/2025,Retail,Bengaluru,2821.58
3389,Women,Running,Air Zoom,7,3,9764.91,0,29294.73,04/04/2025,Online,Mumbai,3491.49
3391,Women,Soccer,Mercurial Superfly,7,2,5966.81,0,11933.61,14/11/2023,Retail,Hyderabad,1628.31
3394,Kids,Lifestyle,Dunk Low,11,1,5966.81,0,5966.81,11/03/2024,Online,Hyderabad,2396.11
3395,Women,Running,Free RN,9,3,5966.81,0,17900.42,15/01/2025,Online,Mumbai,3069.77
3398,Men,Basketball,LeBron 20,11,2,2082.49,0,4164.98,27/08/2023,Retail,Kolkata,415.57
3405,Women,Lifestyle,Dunk Low,7,0,9986.17,1,0,01/04/2025,Online,Kolkata,1861.72
3407,Women,Lifestyle,Air Force 1,11,0,5704.39,1,0,18/01/2025,Retail,Delhi,-4.1
3409,Kids,Running,Air Zoom,7,1,6312.01,0.3,4418.41,09/08/2024,Retail,Delhi,-1106.07
3410,Kids,Running,Free RN,11,0,5966.81,0,0,01/01/2025,Retail,Hyderabad,2396.55
3413,Kids,Soccer,Phantom GT,11,2,5966.81,0,11933.61,31/07/2023,Online,Hyderabad,2752.65
3414,Men,Lifestyle,Dunk Low,7,4,9996.22,0,39984.88,21/01/2025,Online,Mumbai,520.63
3423,Kids,Basketball,Kyrie Flytrap,9,2,5966.81,0,11933.61,08/06/2024,Retail,Mumbai,106
3428,Women,Basketball,Air Jordan,6,1,2825.86,0.23,2175.91,12/03/2024,Online,Bengaluru,625.3
3429,Men,Soccer,Premier III,10,0,5966.81,0,0,07/06/2025,Retail,Delhi,-77.97
2028,Kids,Lifestyle,Waffle One,11,0,5966.81,0.95,0,01/02/2025,Online,Delhi,2511.65
3438,Women,Soccer,Phantom GT,7,3,5966.81,0.18,14678.34,09/05/2024,Retail,Hyderabad,1669.74
3441,Kids,Running,Free RN,12,2,9313.98,0,18627.96,05/08/2025,Retail,Delhi,3301.27
3442,Kids,Basketball,Zoom Freak,11,4,5966.81,0,23867.23,21/01/2025,Online,Mumbai,3129.5
3449,Men,Training,ZoomX Invincible,11,0,5966.81,0.25,0,21/02/2025,Retail,Delhi,1586.59
3450,Men,Running,React Infinity,7,3,5966.81,0,17900.42,16/01/2024,Retail,Bengaluru,904.82
3453,Kids,Soccer,Phantom GT,11,0,2033.28,0,0,12/05/2024,Retail,Delhi,2003.05
3462,Women,Basketball,Kyrie Flytrap,11,3,2610.98,0,7832.94,21/12/2024,Retail,Bengaluru,274.97
3463,Women,Soccer,Phantom GT,12,1,5966.81,0,5966.81,24/02/2025,Retail,Pune,1853.7
3465,Men,Lifestyle,Dunk Low,11,2,5966.81,0,11933.61,29/11/2023,Online,Delhi,1698.7
3466,Men,Basketball,Kyrie Flytrap,11,2,6498.22,0.5,6498.22,24/10/2024,Retail,Mumbai,-360.53
3467,Men,Lifestyle,Air Force 1,7,2,5966.81,0,11933.61,13/03/2025,Online,Bengaluru,1472.83
3469,Kids,Running,Air Zoom,10,1,4590.24,0,4590.24,10/01/2024,Online,Mumbai,3792.66
3471,Kids,Lifestyle,Waffle One,9,0,5637.46,0,0,02/04/2025,Retail,Kolkata,-364.01
3473,Kids,Soccer,Premier III,7,4,3551.05,0,14204.2,12/05/2024,Online,Delhi,63.47
3475,Kids,Soccer,Tiempo Legend,9,1,2120.44,0,2120.44,29/07/2024,Online,Mumbai,2996.47
3477,Men,Basketball,Air Jordan,7,2,4135.26,0,8270.52,25/04/2025,Online,Delhi,1691.28
3479,Women,Training,ZoomX Invincible,11,4,5966.81,0,23867.23,16/09/2024,Retail,Mumbai,1909.78
3481,Women,Lifestyle,Air Force 1,11,4,5966.81,0,23867.23,15/10/2023,Online,Bengaluru,2564.61
3483,Men,Lifestyle,Air Force 1,9,4,4733.92,0,18935.68,12/04/2024,Online,Kolkata,738.19
3485,Women,Lifestyle,Dunk Low,11,2,5966.81,0,11933.61,14/12/2024,Retail,Hyderabad,1722.38
3486,Kids,Training,SuperRep Go,9,4,5966.81,0,23867.23,14/10/2024,Retail,Delhi,1451.77
3488,Women,Soccer,Tiempo Legend,11,4,5966.81,0,23867.23,03/12/2025,Online,Kolkata,86.25
3489,Kids,Running,React Infinity,8,2,5966.81,0,11933.61,04/04/2025,Online,Mumbai,1734.72
3490,Men,Running,Free RN,9,0,5966.81,0.98,0,07/08/2025,Online,Delhi,1591.77
3496,Men,Running,Air Zoom,7,3,5966.81,0.77,4117.1,10/08/2024,Retail,Delhi,-786.91
3497,Women,Basketball,Zoom Freak,9,2,8688.92,0,17377.84,12/08/2024,Online,Mumbai,1878.22
3498,Women,Training,SuperRep Go,7,0,8797.69,0,0,09/10/2024,Retail,Pune,-910.3
3512,Kids,Basketball,Zoom Freak,7,4,5966.81,0.96,954.69,06/05/2025,Retail,Pune,2516.79
3513,Women,Training,SuperRep Go,11,0,6145.98,0,0,16/04/2025,Retail,Hyderabad,2625.95
3520,Women,Lifestyle,Waffle One,11,2,2080.85,1,0,22/03/2024,Retail,Delhi,-776.21
3527,Men,Soccer,Phantom GT,11,3,5966.81,0,17900.42,06/12/2025,Online,Mumbai,-257.35
3529,Men,Training,SuperRep Go,9,1,5966.81,0.2,4773.45,28/03/2025,Retail,Delhi,1448.77
3530,Women,Soccer,Mercurial Superfly,11,0,3034.73,0,0,25/09/2023,Retail,Kolkata,2458.14
3534,Kids,Basketball,Zoom Freak,11,3,3280.57,0.62,3739.85,11/09/2024,Retail,Kolkata,427.76
3537,Men,Lifestyle,Blazer Mid,11,2,5464.07,1,0,15/06/2025,Online,Kolkata,3170.78
3538,Kids,Basketball,Kyrie Flytrap,9,0,5966.81,0,0,12/12/2024,Online,Bengaluru,2787.81
3543,Kids,Lifestyle,Dunk Low,11,2,5966.81,0,11933.61,22/11/2024,Retail,Pune,2712.79
3545,Men,Training,Flex Trainer,12,3,5966.81,0,17900.42,08/03/2023,Online,Delhi,2239.86
3548,Kids,Soccer,Phantom GT,11,3,5966.81,0,17900.42,03/12/2024,Online,Kolkata,3366.32
3552,Men,Running,React Infinity,11,4,5966.81,0,23867.23,17/05/2025,Retail,Mumbai,762.95
3553,Women,Running,Air Zoom,11,2,5216.27,0,10432.54,25/06/2025,Online,Pune,-720.87
3555,Kids,Soccer,Phantom GT,9,2,5966.81,0,11933.61,26/04/2025,Retail,Hyderabad,-1069.25
3556,Women,Basketball,Kyrie Flytrap,7,4,5966.81,0,23867.23,13/03/2025,Retail,Kolkata,-843.61
3557,Kids,Basketball,Air Jordan,9,1,5966.81,0.66,2028.71,08/09/2024,Retail,Hyderabad,-884.81
3558,Women,Training,Flex Trainer,9,4,4045.21,0,16180.84,30/08/2024,Online,Mumbai,-113.44
3562,Women,Basketball,LeBron 20,11,1,5966.81,0,5966.81,31/10/2024,Retail,Delhi,1904.66
3573,Men,Basketball,Air Jordan,11,1,6830.98,0.39,4166.9,18/03/2025,Retail,Mumbai,-175.76
3574,Kids,Basketball,Air Jordan,11,0,5966.81,0.96,0,13/01/2025,Online,Bengaluru,2589
3575,Women,Running,React Infinity,11,0,5716.18,1,0,07/03/2025,Retail,Pune,3271.27
3576,Women,Lifestyle,Waffle One,7,2,3533.18,0,7066.36,17/03/2024,Retail,Bengaluru,-586.23
3577,Women,Running,Pegasus Turbo,11,0,5966.81,0,0,19/10/2024,Online,Kolkata,102.77
3579,Men,Basketball,LeBron 20,11,0,9995.55,0,0,02/03/2025,Retail,Delhi,1962.41
3581,Women,Soccer,Phantom GT,9,4,5966.81,0,23867.23,23/12/2024,Retail,Kolkata,2178.05
3596,Men,Training,Metcon 7,8,2,5966.81,0,11933.61,06/10/2025,Online,Pune,-66.97
3605,Men,Soccer,Phantom GT,7,2,8837.76,0,17675.52,01/09/2025,Online,Hyderabad,1627.87
3606,Women,Basketball,LeBron 20,11,3,3515.86,0,10547.58,14/02/2025,Retail,Pune,-511.49
3610,Kids,Lifestyle,Dunk Low,11,2,5966.81,0.64,4296.1,14/03/2025,Online,Kolkata,-336.38
3612,Women,Running,Air Zoom,11,1,4632,0,4632,22/06/2025,Online,Mumbai,2397.42
3613,Men,Lifestyle,Blazer Mid,11,4,5966.81,0,23867.23,16/08/2024,Online,Hyderabad,2136.73
3616,Kids,Lifestyle,Blazer Mid,9,1,9799.16,0,9799.16,07/01/2025,Retail,Kolkata,3969.15
3617,Men,Soccer,Premier III,9,2,4694.37,0,9388.74,20/11/2024,Online,Mumbai,2406.47
3618,Men,Soccer,Mercurial Superfly,9,3,2209.45,0,6628.35,15/06/2025,Retail,Kolkata,932.04
3619,Kids,Lifestyle,Air Force 1,9,0,8915.88,0,0,02/07/2025,Online,Kolkata,824.23
3620,Men,Running,React Infinity,11,0,8561.18,0,0,11/02/2024,Retail,Bengaluru,1538.46
3622,Women,Soccer,Premier III,8,3,2187.91,0,6563.73,22/09/2024,Online,Hyderabad,1951.56
3632,Kids,Basketball,LeBron 20,11,1,5966.81,0.56,2625.39,12/10/2024,Retail,Bengaluru,2836.11
3635,Men,Training,SuperRep Go,7,2,5966.81,0,11933.61,22/03/2025,Retail,Bengaluru,3656.45
3636,Women,Soccer,Tiempo Legend,7,2,7881.53,0,15763.06,19/12/2023,Retail,Delhi,2615.73
3637,Women,Running,Pegasus Turbo,6,2,6577.39,0,13154.78,29/05/2025,Retail,Delhi,1945.9
3640,Men,Training,Metcon 7,7,0,5219.18,0,0,28/04/2025,Online,Delhi,309.65
3646,Men,Training,Flex Trainer,11,3,5966.81,0,17900.42,21/04/2025,Online,Bengaluru,2873.66
3647,Women,Basketball,LeBron 20,7,0,3263.64,0,0,10/06/2024,Retail,Kolkata,3233.66
3649,Kids,Lifestyle,Blazer Mid,11,0,6486.51,0,0,19/10/2024,Online,Kolkata,2408.58
3652,Kids,Basketball,Air Jordan,11,0,3176.7,0,0,21/11/2023,Online,Hyderabad,3349.8
3654,Women,Training,Metcon 7,9,3,5966.81,0,17900.42,09/10/2024,Retail,Pune,2395.74
3656,Men,Lifestyle,Waffle One,9,4,5966.81,0,23867.23,06/11/2025,Retail,Pune,3421.81
3661,Kids,Training,ZoomX Invincible,11,0,9979.38,0,0,12/05/2024,Online,Delhi,2957.86
3666,Women,Running,Air Zoom,11,2,5966.81,1,0,04/07/2025,Retail,Delhi,3382.55
3668,Kids,Soccer,Premier III,11,1,5966.81,0,5966.81,27/10/2024,Retail,Mumbai,795.86
3672,Women,Soccer,Tiempo Legend,7,3,7127.18,0.32,14539.45,16/08/2024,Online,Delhi,2651.63
3675,Men,Running,Pegasus Turbo,9,2,5966.81,0,11933.61,13/11/2024,Online,Delhi,3969.03
3678,Women,Lifestyle,Waffle One,10,3,5966.81,0,17900.42,14/08/2024,Online,Kolkata,1488.91
3680,Men,Training,Flex Trainer,11,3,8835.41,0.92,2120.5,27/01/2025,Retail,Delhi,-746.28
3683,Women,Soccer,Premier III,9,2,5966.81,0,11933.61,15/05/2024,Retail,Kolkata,-4.26
3688,Kids,Running,React Infinity,9,1,5048.98,0,5048.98,17/04/2025,Retail,Kolkata,1214.86
2028,Kids,Soccer,Phantom GT,7,2,5966.81,0.97,358.01,15/05/2025,Retail,Pune,2305.1
3691,Men,Soccer,Premier III,11,4,5966.81,0.51,11694.94,28/03/2025,Online,Bengaluru,2305.88
3698,Women,Basketball,Zoom Freak,9,0,7268.55,0.34,0,18/02/2025,Retail,Delhi,219.99
3706,Men,Running,Pegasus Turbo,7,1,9437.73,0,9437.73,03/09/2025,Retail,Hyderabad,3271.38
3707,Kids,Lifestyle,Waffle One,9,4,9532.8,0,38131.2,02/01/2025,Online,Mumbai,732.26
3711,Kids,Basketball,Zoom Freak,11,2,5966.81,0.53,5608.8,28/12/2023,Online,Delhi,1077.08
3714,Kids,Soccer,Tiempo Legend,9,2,3568.35,0,7136.7,21/02/2025,Retail,Mumbai,2363.52
3715,Men,Lifestyle,Air Force 1,9,4,5966.81,0,23867.23,23/06/2025,Online,Bengaluru,2774.43
3719,Men,Running,Free RN,11,2,5943.38,0.23,9152.81,21/06/2025,Online,Bengaluru,3260.51
3722,Kids,Training,ZoomX Invincible,7,1,9335,0.22,7281.3,21/11/2023,Retail,Mumbai,1787.45
3724,Kids,Basketball,LeBron 20,11,2,5966.81,0,11933.61,22/01/2025,Online,Bengaluru,-866.33
2016,Women,Training,Metcon 7,11,2,5966.81,0,11933.61,15/03/2024,Retail,Delhi,-263.86
3738,Men,Soccer,Premier III,11,1,6968.08,0.02,6828.72,30/03/2025,Online,Delhi,-673.94
3740,Men,Basketball,Zoom Freak,11,0,5966.81,0,0,21/09/2023,Retail,Pune,2909.82
3741,Kids,Lifestyle,Air Force 1,9,2,8927.22,0.2,14283.55,13/07/2025,Retail,Kolkata,821.32
3747,Men,Lifestyle,Air Force 1,11,4,5776.58,0,23106.32,06/08/2025,Retail,Hyderabad,616.71
3753,Kids,Training,ZoomX Invincible,11,2,9315.06,1,0,30/03/2025,Online,Hyderabad,-757.47
3754,Kids,Running,Free RN,9,3,4288.27,0,12864.81,29/09/2024,Online,Bengaluru,828.22
3755,Women,Soccer,Phantom GT,8,4,2342.16,0.25,7026.48,20/04/2025,Retail,Mumbai,1007
3758,Kids,Running,Pegasus Turbo,7,3,4306.67,0,12920.01,05/10/2025,Retail,Delhi,-233.45
3759,Women,Basketball,LeBron 20,12,0,9605.6,0.81,0,02/03/2025,Online,Hyderabad,1611.59
3761,Women,Basketball,Zoom Freak,9,4,2972.38,0.14,10224.99,18/11/2024,Online,Hyderabad,2569.74
3762,Men,Lifestyle,Air Force 1,9,1,2725.1,0,2725.1,07/06/2025,Retail,Mumbai,-997.11
3763,Kids,Basketball,LeBron 20,11,0,5966.81,0,0,03/04/2025,Retail,Hyderabad,3671.32
3764,Men,Lifestyle,Blazer Mid,10,2,3953.6,0,7907.2,22/02/2024,Online,Kolkata,528.86
3765,Kids,Running,Pegasus Turbo,7,3,5966.81,0.44,10024.24,09/02/2024,Online,Hyderabad,3376.32
3767,Kids,Training,Flex Trainer,11,1,5966.81,0.2,4773.45,05/08/2025,Retail,Mumbai,-102.84
3770,Women,Running,Free RN,7,4,5966.81,0.36,15275.03,02/03/2024,Retail,Mumbai,3784.67
3772,Women,Soccer,Mercurial Superfly,11,3,8140.47,0,24421.41,23/11/2024,Retail,Pune,3115.97
3775,Women,Running,Pegasus Turbo,11,0,5966.81,0.12,0,07/02/2024,Online,Delhi,2865.11
3782,Kids,Training,ZoomX Invincible,11,0,5966.81,0.99,0,22/02/2025,Online,Mumbai,804.02
3784,Kids,Training,SuperRep Go,10,0,5966.81,0,0,07/07/2025,Retail,Pune,2743.21
3789,Women,Lifestyle,Air Force 1,11,2,2738.79,0,5477.58,08/11/2024,Retail,Hyderabad,863.29
3790,Men,Basketball,Air Jordan,11,2,5966.81,0,11933.61,13/07/2025,Retail,Mumbai,-70.36
3794,Men,Training,Flex Trainer,11,3,9360.87,0,28082.61,18/04/2025,Online,Pune,125.97
3795,Men,Soccer,Phantom GT,7,4,5966.81,1,0,20/09/2024,Retail,Hyderabad,2418.53
3796,Women,Basketball,Zoom Freak,11,4,6165.64,0.16,20716.55,22/12/2024,Online,Delhi,2081.43
3803,Men,Basketball,Zoom Freak,11,3,5966.81,1,0,26/04/2025,Online,Mumbai,-659.53
3805,Women,Lifestyle,Dunk Low,7,0,5966.81,0.75,0,08/11/2024,Retail,Bengaluru,2727.66
3807,Kids,Lifestyle,Dunk Low,11,3,5966.81,0,17900.42,05/11/2025,Retail,Hyderabad,-1172.36
3811,Women,Running,React Infinity,11,0,5706.6,0,0,28/09/2024,Online,Bengaluru,1397.86
3812,Kids,Training,ZoomX Invincible,9,0,9321.19,0,0,11/01/2024,Online,Kolkata,818.49
3813,Men,Lifestyle,Waffle One,7,3,5966.81,0,17900.42,05/09/2025,Online,Mumbai,-921.98
3815,Women,Training,Flex Trainer,9,3,5966.81,0,17900.42,16/04/2025,Online,Kolkata,1224.44
3819,Kids,Basketball,Zoom Freak,7,3,7171.03,0,21513.09,27/05/2025,Retail,Kolkata,2723
3830,Kids,Soccer,Phantom GT,9,2,3664.1,0,7328.2,09/04/2024,Retail,Hyderabad,3188.23
3831,Men,Running,Air Zoom,9,0,3231.05,0,0,26/04/2025,Online,Bengaluru,504.5
2028,Women,Running,Pegasus Turbo,8,0,5966.81,1,0,20/02/2025,Online,Delhi,-417.11
3840,Men,Soccer,Phantom GT,7,0,5966.81,0,0,20/03/2025,Retail,Pune,-313.26
3844,Women,Training,Metcon 7,7,1,5966.81,0.32,4057.43,29/08/2024,Online,Mumbai,1073.8
3850,Women,Training,SuperRep Go,11,1,5966.81,0,5966.81,16/06/2025,Retail,Delhi,142.55
3852,Men,Lifestyle,Air Force 1,11,1,7834.8,0,7834.8,17/10/2024,Online,Kolkata,2786.52
3858,Kids,Lifestyle,Waffle One,9,2,5966.81,0.87,1551.37,09/07/2024,Online,Bengaluru,-485.83
3859,Kids,Lifestyle,Blazer Mid,7,3,5966.81,0,17900.42,20/11/2024,Retail,Mumbai,2907.33
3860,Men,Basketball,LeBron 20,7,3,5966.81,0,17900.42,04/04/2025,Online,Mumbai,3441.46
3862,Kids,Lifestyle,Dunk Low,9,1,5966.81,0.61,2327.05,17/11/2023,Online,Delhi,3454.42
3866,Women,Basketball,LeBron 20,11,3,5966.81,0.64,6444.15,14/02/2025,Retail,Kolkata,2985.34
3868,Women,Running,Free RN,11,0,3554.76,0.51,0,27/04/2025,Online,Bengaluru,-593.5
3871,Women,Training,SuperRep Go,11,3,5966.81,0,17900.42,17/09/2024,Retail,Delhi,1773.99
3874,Women,Basketball,LeBron 20,11,4,3305.6,0.7,3966.72,27/08/2024,Online,Kolkata,1605.13
3880,Kids,Soccer,Premier III,11,0,5966.81,1,0,25/02/2025,Online,Mumbai,-185.41
3885,Men,Training,Metcon 7,11,2,5966.81,0,11933.61,11/10/2024,Online,Bengaluru,-512.97
3887,Women,Basketball,Zoom Freak,10,4,5966.81,0,23867.23,06/07/2025,Online,Mumbai,3824.51
3891,Men,Training,ZoomX Invincible,9,0,9453.17,0,0,13/02/2025,Retail,Bengaluru,3832.99
3898,Men,Basketball,LeBron 20,9,1,5966.81,0.07,5549.13,27/02/2025,Retail,Hyderabad,1353.92
3900,Men,Basketball,Zoom Freak,7,3,9599.44,0,28798.32,11/01/2024,Retail,Delhi,-553.3
3904,Kids,Soccer,Phantom GT,9,2,7775.87,0,15551.74,28/05/2025,Retail,Bengaluru,1143.11
3906,Men,Lifestyle,Dunk Low,11,4,7588.77,0.14,26105.37,09/04/2024,Online,Hyderabad,3435.73
3908,Women,Running,Free RN,11,0,3253.63,0,0,18/03/2025,Retail,Kolkata,389.71
3911,Men,Soccer,Premier III,7,1,5598.98,0,5598.98,05/07/2025,Retail,Mumbai,3070.67
3913,Kids,Training,ZoomX Invincible,11,1,5255.09,0,5255.09,06/12/2024,Retail,Delhi,2941.84
3914,Kids,Soccer,Tiempo Legend,11,2,5966.81,0,11933.61,29/10/2024,Retail,Delhi,1253.02
3915,Men,Running,Free RN,7,2,7962.36,0,15924.72,03/12/2025,Online,Pune,3067.47
3917,Women,Running,React Infinity,9,0,4726.33,0,0,10/02/2024,Online,Pune,3551.31
3923,Men,Basketball,LeBron 20,11,0,2187.01,0,0,21/01/2025,Online,Kolkata,-197.46
3925,Kids,Basketball,LeBron 20,7,2,5966.81,0.23,9188.88,19/04/2025,Retail,Hyderabad,36.04
3926,Men,Lifestyle,Dunk Low,11,2,4791.86,0,9583.72,11/08/2024,Online,Mumbai,2972.86
3929,Kids,Running,Free RN,11,1,4199.97,0.9,420,14/05/2025,Retail,Mumbai,-861.44
3932,Kids,Training,SuperRep Go,9,4,4520.97,0.54,8318.58,06/10/2025,Retail,Bengaluru,1289.36
3933,Men,Training,SuperRep Go,11,4,5966.81,0,23867.23,25/01/2025,Online,Pune,1348.54
3936,Kids,Lifestyle,Blazer Mid,7,3,3544.33,0,10632.99,28/07/2023,Retail,Pune,1983.5
3942,Men,Lifestyle,Blazer Mid,7,1,3283.25,0,3283.25,27/04/2024,Online,Delhi,-938.81
3947,Men,Training,SuperRep Go,11,2,5966.81,0,11933.61,29/07/2024,Retail,Kolkata,3354.76
2042,Kids,Soccer,Tiempo Legend,9,4,8290.97,0,33163.88,30/12/2024,Online,Delhi,-84.8
3955,Kids,Training,SuperRep Go,11,3,5966.81,0,17900.42,16/01/2025,Retail,Pune,1798.76
3956,Women,Lifestyle,Air Force 1,11,2,5966.81,0,11933.61,03/06/2025,Online,Hyderabad,2842.28
3958,Women,Lifestyle,Dunk Low,11,4,8614.93,0,34459.72,23/03/2024,Retail,Kolkata,-312.44
3959,Kids,Lifestyle,Dunk Low,7,4,6091.98,0,24367.92,01/12/2025,Retail,Mumbai,2494.96
3970,Men,Soccer,Phantom GT,9,0,9990.8,0,0,29/06/2025,Retail,Kolkata,3351.31
3972,Men,Running,Pegasus Turbo,11,1,5966.81,0,5966.81,20/12/2024,Retail,Bengaluru,1990.32
3974,Men,Lifestyle,Dunk Low,9,4,5966.81,0,23867.23,22/03/2024,Retail,Delhi,97.6
3975,Women,Soccer,Tiempo Legend,7,3,5966.81,0,17900.42,22/03/2025,Retail,Mumbai,1293.38
3976,Men,Training,SuperRep Go,9,4,7534.51,1,0,12/12/2024,Retail,Delhi,778.13
3977,Men,Soccer,Mercurial Superfly,9,0,7483.74,0.21,0,05/11/2025,Online,Delhi,2545.49
3978,Women,Training,Flex Trainer,11,2,9847.52,0,19695.04,09/11/2024,Retail,Delhi,754.75
3979,Men,Training,ZoomX Invincible,7,3,5966.81,0.5,8950.21,06/11/2025,Online,Pune,896.9
2048,Kids,Basketball,Air Jordan,11,2,8918.66,1,0,14/02/2024,Retail,Delhi,1889.03
3986,Kids,Running,Air Zoom,9,1,5966.81,0,5966.81,11/10/2024,Retail,Mumbai,681.84
3987,Kids,Basketball,Zoom Freak,9,2,5966.81,0,11933.61,18/08/2024,Retail,Hyderabad,3908.61
3988,Kids,Lifestyle,Blazer Mid,7,4,7945.46,0.67,10488.01,10/10/2024,Online,Pune,3698.62
3991,Men,Training,ZoomX Invincible,11,0,5966.81,0.1,0,19/07/2025,Online,Bengaluru,97.51
3994,Kids,Basketball,Air Jordan,11,4,5966.81,0,23867.23,04/12/2025,Retail,Bengaluru,-97.39
3997,Women,Lifestyle,Waffle One,7,4,5966.81,0,23867.23,24/01/2024,Retail,Hyderabad,-484.62
4007,Kids,Soccer,Premier III,11,0,5966.81,0,0,01/10/2025,Retail,Pune,1746.06
4008,Men,Basketball,LeBron 20,9,3,7737.27,0.07,21586.98,15/12/2023,Retail,Hyderabad,180.31
4011,Women,Running,Air Zoom,7,4,4909.56,0,19638.24,07/04/2025,Retail,Bengaluru,2934.53
4013,Women,Basketball,LeBron 20,10,2,3794.99,0,7589.98,07/04/2025,Online,Hyderabad,1398.9
4015,Men,Lifestyle,Air Force 1,9,4,5505.76,0,22023.04,07/05/2025,Online,Bengaluru,1194.93
4023,Women,Running,Free RN,11,0,2376.12,0.76,0,28/11/2024,Online,Hyderabad,1267.41
4024,Men,Training,Metcon 7,7,0,5966.81,0,0,29/08/2024,Retail,Bengaluru,-738.85
4026,Men,Basketball,Zoom Freak,11,0,3731.78,1,0,17/02/2025,Online,Hyderabad,-885.09
4028,Women,Running,Pegasus Turbo,9,3,5966.81,1,0,01/12/2025,Retail,Delhi,2568.4
2020,Men,Running,Air Zoom,12,2,5614.96,0,11229.92,03/05/2025,Online,Kolkata,671.98
4041,Men,Running,Pegasus Turbo,11,2,5966.81,0,11933.61,09/09/2024,Online,Mumbai,3221.72
4043,Kids,Running,Air Zoom,11,4,5235.22,0.51,10261.03,28/05/2025,Online,Hyderabad,3321.49
4044,Women,Training,Flex Trainer,11,0,6687.28,0,0,08/07/2024,Online,Pune,2636.12
4053,Women,Soccer,Phantom GT,6,2,5966.81,0,11933.61,03/02/2025,Retail,Pune,21.13
4059,Kids,Basketball,Air Jordan,9,1,9700.41,1,0,02/03/2025,Retail,Delhi,1000.57
4062,Men,Basketball,Zoom Freak,7,0,5966.81,0.48,0,17/05/2025,Online,Mumbai,505.51
4064,Men,Basketball,Air Jordan,9,4,5966.81,0.38,14797.68,24/09/2024,Retail,Hyderabad,587.63
4066,Kids,Running,React Infinity,9,4,6599.26,0.85,3959.56,29/06/2025,Retail,Bengaluru,3344.47
4067,Men,Soccer,Mercurial Superfly,7,4,7408.31,0,29633.24,17/05/2025,Online,Bengaluru,1974.4
4073,Kids,Training,Flex Trainer,7,2,5732.59,0,11465.18,30/11/2024,Online,Kolkata,3353.3
4085,Men,Lifestyle,Dunk Low,9,4,5966.81,1,0,21/01/2025,Online,Bengaluru,1897.69
4086,Women,Running,Air Zoom,11,3,4537.02,0,13611.06,04/03/2025,Online,Pune,-195
4088,Men,Training,Flex Trainer,7,2,5649.73,0.41,6666.68,16/03/2025,Retail,Mumbai,1548.1
4098,Men,Lifestyle,Waffle One,9,0,5966.81,0,0,09/11/2024,Retail,Bengaluru,2371.45
4104,Kids,Basketball,Zoom Freak,11,2,5966.81,0,11933.61,16/07/2025,Online,Bengaluru,3999.21
4107,Kids,Running,React Infinity,9,2,5966.81,0,11933.61,27/04/2025,Retail,Hyderabad,779.19
4108,Kids,Running,Pegasus Turbo,9,2,2767.55,0.19,4483.43,25/11/2023,Online,Kolkata,1059.07
4110,Men,Training,Metcon 7,7,2,5966.81,0.41,7040.83,26/08/2024,Retail,Hyderabad,3387.91
4113,Kids,Basketball,Zoom Freak,9,2,6435.66,1,0,05/12/2025,Online,Bengaluru,3372.49
4114,Kids,Training,Metcon 7,11,4,4307.83,0,17231.32,13/07/2025,Retail,Bengaluru,-233.59
4118,Kids,Basketball,LeBron 20,11,4,5355.64,0,21422.56,21/05/2025,Retail,Mumbai,-538.94
4121,Kids,Training,ZoomX Invincible,6,0,2763.46,1,0,11/07/2024,Retail,Bengaluru,-399.33
4122,Kids,Lifestyle,Dunk Low,11,1,5966.81,0,5966.81,18/06/2025,Retail,Mumbai,-261.43
4124,Kids,Basketball,LeBron 20,7,1,5966.81,0,5966.81,16/10/2023,Online,Delhi,477.62
4133,Men,Basketball,Air Jordan,9,3,4105.06,0,12315.18,11/09/2024,Online,Mumbai,1015.38
4135,Men,Training,SuperRep Go,11,2,3860.5,0,7721,14/10/2024,Retail,Delhi,1756.3
4139,Women,Training,Flex Trainer,11,0,6465.53,0,0,31/12/2024,Online,Kolkata,-279.09
4147,Men,Basketball,Zoom Freak,9,1,7659.09,0,7659.09,26/11/2024,Online,Delhi,106.35
4148,Kids,Soccer,Phantom GT,7,3,5943.25,0,17829.75,18/07/2025,Retail,Pune,-900.4
4149,Women,Training,SuperRep Go,10,4,5716.52,0,22866.08,14/09/2024,Retail,Pune,274.76
4152,Men,Basketball,Kyrie Flytrap,11,1,5966.81,0,5966.81,08/07/2024,Online,Mumbai,1011.99
4153,Women,Running,Pegasus Turbo,11,2,5966.81,0,11933.61,13/02/2025,Retail,Kolkata,2255.74
4157,Men,Basketball,Zoom Freak,11,3,5966.81,0,17900.42,07/09/2025,Retail,Delhi,-699.76
4164,Men,Soccer,Tiempo Legend,11,0,2196.67,0,0,21/07/2025,Online,Bengaluru,-1088.9
4165,Women,Training,SuperRep Go,11,1,5966.81,0.26,4415.44,20/11/2024,Online,Bengaluru,2194.38
4166,Women,Soccer,Phantom GT,8,0,5966.81,0,0,03/05/2025,Online,Delhi,-512.77
4168,Kids,Running,Free RN,10,4,5966.81,0,23867.23,06/09/2024,Retail,Mumbai,3282.84
4172,Women,Soccer,Mercurial Superfly,9,1,5966.81,0,5966.81,21/01/2025,Retail,Bengaluru,155.61
4176,Women,Training,ZoomX Invincible,7,1,5966.81,0,5966.81,09/02/2023,Retail,Hyderabad,2254.67
4181,Women,Running,Free RN,7,3,5966.81,0,17900.42,04/05/2025,Retail,Delhi,-564.63
4182,Men,Lifestyle,Dunk Low,11,1,9335.57,0,9335.57,12/02/2024,Retail,Mumbai,1135.38
4183,Men,Lifestyle,Air Force 1,11,2,8647.63,0,17295.26,23/03/2025,Retail,Pune,-443.83
4185,Women,Training,ZoomX Invincible,6,3,5966.81,0,17900.42,02/01/2025,Online,Hyderabad,2562.05
2050,Kids,Soccer,Tiempo Legend,11,0,5966.81,0,0,30/09/2023,Online,Pune,1182.9
4193,Kids,Basketball,Kyrie Flytrap,11,1,5966.81,0,5966.81,12/04/2024,Online,Mumbai,1192.66
4201,Kids,Running,React Infinity,9,3,5966.81,0,17900.42,05/09/2025,Retail,Kolkata,1412.54
4202,Men,Training,SuperRep Go,9,4,4996.25,0,19985,16/05/2025,Online,Pune,299.85
4209,Women,Running,Air Zoom,7,1,5966.81,0,5966.81,12/03/2023,Online,Kolkata,3222.58
4211,Men,Basketball,Air Jordan,9,0,5966.81,1,0,19/04/2025,Online,Hyderabad,-253.76
4212,Men,Running,React Infinity,11,3,5966.81,0.9,1790.04,29/07/2023,Online,Kolkata,3556.86
4213,Men,Lifestyle,Dunk Low,9,0,5966.81,0,0,26/05/2024,Retail,Delhi,1165.42
4215,Men,Training,Flex Trainer,11,3,7213.51,0,21640.53,13/07/2025,Online,Kolkata,960.82
4220,Kids,Lifestyle,Dunk Low,7,2,2290.64,0.84,733,31/01/2025,Retail,Delhi,608.16
4223,Kids,Soccer,Mercurial Superfly,9,1,5966.81,0.31,4117.1,02/04/2025,Retail,Bengaluru,-1152.37
4228,Kids,Training,SuperRep Go,9,3,5966.81,0,17900.42,05/12/2025,Retail,Kolkata,-448.12
4229,Kids,Running,Free RN,11,4,5966.81,0,23867.23,20/06/2025,Online,Pune,3470.61
4231,Kids,Lifestyle,Blazer Mid,11,2,6652.23,1,0,01/08/2024,Online,Pune,-780.66
4235,Kids,Basketball,Zoom Freak,11,4,3417.98,0,13671.92,18/04/2025,Online,Bengaluru,2112.47
4237,Men,Basketball,LeBron 20,9,1,5966.81,0,5966.81,15/02/2025,Online,Delhi,572.58
4238,Men,Soccer,Phantom GT,11,2,6489.35,0,12978.7,14/12/2024,Online,Hyderabad,-321.44
4245,Kids,Basketball,Zoom Freak,7,3,5966.81,0.17,14857.35,12/12/2024,Online,Delhi,2445.12
4247,Kids,Training,Flex Trainer,7,1,5966.81,0.69,1849.71,26/02/2025,Retail,Kolkata,1585.72
4249,Kids,Training,Flex Trainer,9,1,2902.95,0.6,1161.18,10/11/2024,Retail,Bengaluru,-855.08
4251,Kids,Basketball,LeBron 20,7,1,5966.81,0.59,2446.39,01/07/2024,Retail,Mumbai,354.2
4256,Women,Soccer,Tiempo Legend,11,4,5966.81,0.52,11456.27,18/12/2024,Online,Hyderabad,-782.15
4262,Women,Basketball,LeBron 20,11,0,5966.81,0,0,18/04/2025,Online,Mumbai,-975.63
4263,Men,Running,React Infinity,11,3,4641.58,0,13924.74,30/06/2025,Retail,Delhi,2049.32
4266,Men,Lifestyle,Waffle One,11,3,5966.81,0,17900.42,07/04/2025,Online,Mumbai,-898.11
4273,Kids,Soccer,Phantom GT,7,3,3407.16,0,10221.48,20/01/2025,Retail,Mumbai,1161.05
4276,Men,Basketball,Kyrie Flytrap,11,3,5966.81,0,17900.42,02/05/2025,Retail,Bengaluru,-1109.4
4283,Men,Training,ZoomX Invincible,7,1,9649.36,0.95,482.47,26/02/2025,Retail,Bengaluru,1158.69
4285,Kids,Lifestyle,Waffle One,11,4,5966.81,0,23867.23,28/11/2024,Retail,Pune,3380.53
4292,Men,Training,ZoomX Invincible,9,2,5966.81,0.23,9188.88,24/11/2024,Online,Delhi,1328.75
4293,Women,Basketball,Kyrie Flytrap,11,0,5966.81,0,0,20/03/2025,Retail,Delhi,635.45
4295,Women,Basketball,Air Jordan,10,4,4469.12,0,17876.48,15/03/2025,Retail,Mumbai,-1033.41
4298,Men,Running,React Infinity,11,4,5966.81,0.37,15036.35,13/08/2024,Online,Mumbai,1574.59
4309,Women,Training,Metcon 7,7,0,5966.81,0.12,0,18/06/2025,Online,Pune,-9.44
4310,Kids,Basketball,Zoom Freak,11,0,9745.69,0.16,0,17/06/2025,Retail,Delhi,138.5
4311,Men,Training,SuperRep Go,9,3,5966.81,0.46,9666.23,16/08/2023,Retail,Bengaluru,2595.51
4314,Kids,Lifestyle,Blazer Mid,11,4,8823.88,0,35295.52,22/07/2025,Online,Hyderabad,573.58
4315,Women,Lifestyle,Dunk Low,7,4,4080.51,0,16322.04,03/04/2024,Retail,Pune,3322.21
2027,Men,Training,SuperRep Go,9,0,5966.81,0.08,0,14/11/2024,Retail,Kolkata,126.1
4326,Women,Lifestyle,Air Force 1,11,0,9604.84,0.31,0,06/06/2024,Retail,Delhi,-143.11
2003,Men,Lifestyle,Blazer Mid,7,3,5966.81,0.36,11456.27,16/08/2024,Retail,Delhi,1884.04
4330,Kids,Lifestyle,Air Force 1,7,1,4087.76,0,4087.76,17/07/2025,Retail,Bengaluru,-831.23
4331,Women,Training,SuperRep Go,11,2,4574.53,0.04,8783.1,01/03/2025,Retail,Kolkata,3534.47
4350,Men,Soccer,Phantom GT,7,0,5966.81,0,0,30/05/2024,Online,Delhi,2515.85
4351,Men,Soccer,Mercurial Superfly,7,0,5966.81,0,0,19/08/2024,Online,Pune,3303.1
4358,Kids,Basketball,LeBron 20,11,2,5966.81,0.43,6802.16,18/10/2024,Online,Mumbai,2538.97
4363,Kids,Basketball,Air Jordan,9,2,5966.81,0.75,2983.4,24/11/2024,Online,Delhi,-1071.83
4368,Women,Soccer,Tiempo Legend,7,3,5481.64,1,0,10/12/2024,Retail,Delhi,2234.28
4370,Women,Running,Pegasus Turbo,9,2,5046.05,0.38,6257.1,13/10/2024,Retail,Mumbai,2530.73
4371,Men,Lifestyle,Blazer Mid,7,0,2042.87,1,0,22/11/2024,Retail,Hyderabad,510.02
4374,Women,Basketball,Zoom Freak,11,3,5966.81,0,17900.42,19/11/2024,Retail,Pune,-1129.38
4378,Men,Training,Flex Trainer,11,4,2620.09,0,10480.36,29/08/2024,Online,Mumbai,263.16
4382,Kids,Soccer,Mercurial Superfly,11,2,5966.81,0,11933.61,24/11/2024,Retail,Hyderabad,3659.71
4386,Kids,Basketball,Zoom Freak,11,2,3432.35,0.34,4530.7,14/06/2025,Online,Bengaluru,2576.11
4387,Women,Lifestyle,Dunk Low,11,4,2616.9,0,10467.6,27/03/2025,Retail,Delhi,3770.94
4389,Women,Basketball,Zoom Freak,7,0,9304.56,0,0,07/06/2025,Online,Kolkata,2773.13
4395,Kids,Running,Air Zoom,7,2,5282.31,0,10564.62,20/04/2025,Online,Mumbai,3365.61
4396,Kids,Soccer,Phantom GT,11,2,2392.41,0,4784.82,30/01/2025,Online,Pune,1592.95
4398,Men,Soccer,Premier III,11,2,5966.81,0,11933.61,29/06/2024,Online,Delhi,1971.9
4400,Women,Lifestyle,Air Force 1,7,4,7798.57,0.28,22459.88,27/05/2025,Retail,Kolkata,1334.4
4402,Women,Soccer,Premier III,11,1,5966.81,0.38,3699.42,19/11/2024,Online,Mumbai,2429.57
4403,Kids,Basketball,Kyrie Flytrap,9,0,3086.75,0,0,27/08/2024,Online,Pune,-681.62
4412,Kids,Lifestyle,Blazer Mid,11,1,5966.81,0,5966.81,25/05/2025,Online,Kolkata,3452.75
4420,Women,Lifestyle,Blazer Mid,9,4,4904.79,1,0,11/08/2023,Retail,Pune,2633.82
4423,Men,Running,Free RN,6,1,5381.5,0,5381.5,01/03/2025,Retail,Pune,57.84
4425,Women,Running,Air Zoom,9,0,4034.25,0,0,09/04/2023,Retail,Delhi,363.8
4426,Men,Lifestyle,Blazer Mid,7,1,5966.81,0,5966.81,12/02/2024,Online,Pune,2133.39
4427,Women,Lifestyle,Dunk Low,11,2,8546.9,0,17093.8,11/04/2024,Retail,Pune,-357.43
4428,Kids,Lifestyle,Waffle One,11,2,5966.81,0,11933.61,04/04/2025,Online,Hyderabad,2700.85
4429,Kids,Soccer,Premier III,11,2,5966.81,0.49,6086.14,18/01/2025,Retail,Kolkata,3905.15
4430,Kids,Basketball,Kyrie Flytrap,9,2,5966.81,0.15,10143.57,16/05/2025,Retail,Bengaluru,3590.87
4434,Men,Basketball,Zoom Freak,9,3,3844.82,0,11534.46,02/09/2025,Online,Hyderabad,-289.83
4436,Men,Training,SuperRep Go,7,4,2720.7,0,10882.8,04/08/2025,Online,Pune,-818.53
4437,Men,Basketball,Kyrie Flytrap,11,2,5966.81,0,11933.61,25/11/2023,Retail,Hyderabad,3972.33
4439,Women,Lifestyle,Dunk Low,11,0,5966.81,0,0,22/04/2025,Retail,Hyderabad,-324.47
4441,Kids,Soccer,Premier III,9,3,5966.81,0,17900.42,05/05/2024,Retail,Kolkata,2036.39
4443,Men,Lifestyle,Dunk Low,9,3,7953,1,0,05/12/2025,Retail,Hyderabad,-665.22
4444,Men,Running,React Infinity,7,4,5966.81,0.36,15275.03,10/04/2024,Online,Kolkata,243.39
4445,Women,Training,Metcon 7,11,1,5915.27,0.12,5205.44,15/12/2024,Retail,Mumbai,3456.95
4446,Men,Soccer,Mercurial Superfly,7,2,3469.31,0.28,4995.81,26/01/2025,Retail,Pune,2671.58
4447,Kids,Running,Free RN,11,0,5966.81,0,0,12/12/2024,Retail,Delhi,1574.91
2030,Women,Basketball,Air Jordan,11,2,5966.81,0,11933.61,06/10/2025,Retail,Mumbai,2717.93
4449,Men,Lifestyle,Air Force 1,9,0,5053.29,0,0,24/02/2025,Retail,Kolkata,3206.34
4451,Women,Lifestyle,Dunk Low,11,0,2049.73,0,0,11/08/2024,Online,Pune,2543.16
4452,Women,Lifestyle,Blazer Mid,7,1,5966.81,0,5966.81,27/04/2025,Online,Bengaluru,-86.63
4453,Men,Training,Flex Trainer,11,1,5966.81,0,5966.81,26/05/2025,Retail,Bengaluru,2814.75
4456,Women,Basketball,Kyrie Flytrap,11,1,5966.81,0.32,4057.43,16/12/2023,Retail,Hyderabad,450.51
4463,Men,Soccer,Premier III,11,3,8317.53,0.6,9981.04,06/07/2025,Retail,Pune,1821.65
2019,Men,Basketball,LeBron 20,11,3,5966.81,0.85,2685.06,13/08/2024,Online,Delhi,347.96
4468,Men,Soccer,Premier III,11,3,6077.13,1,0,27/11/2023,Online,Mumbai,3173.31
4472,Women,Basketball,LeBron 20,11,2,6833.94,0,13667.88,08/12/2024,Online,Hyderabad,-151.52
4482,Kids,Soccer,Phantom GT,9,2,5966.81,0,11933.61,16/07/2024,Online,Mumbai,-742.03
4484,Men,Basketball,Air Jordan,11,3,5981.92,0.8,3589.15,12/12/2024,Retail,Hyderabad,-751.05
4488,Women,Training,Flex Trainer,8,2,5966.81,0,11933.61,16/12/2024,Retail,Pune,3045.38
4489,Kids,Lifestyle,Blazer Mid,9,3,5966.81,1,0,04/02/2025,Retail,Bengaluru,1890.99
4490,Women,Training,Metcon 7,9,0,5966.81,0,0,23/02/2025,Online,Kolkata,-1173.84
4493,Women,Lifestyle,Blazer Mid,11,4,5966.81,0,23867.23,10/04/2024,Online,Mumbai,321.24
4495,Kids,Basketball,Kyrie Flytrap,11,3,5966.81,0,17900.42,14/05/2025,Online,Pune,2.97
4498,Women,Training,ZoomX Invincible,11,4,5358.7,0,21434.8,12/11/2024,Online,Mumbai,3352.29
